kind,etag,id,snippet.publishedAt,snippet.channelId,snippet.title,snippet.description,snippet.thumbnails.default.url,snippet.thumbnails.default.width,snippet.thumbnails.default.height,snippet.thumbnails.medium.url,snippet.thumbnails.medium.width,snippet.thumbnails.medium.height,snippet.thumbnails.high.url,snippet.thumbnails.high.width,snippet.thumbnails.high.height,snippet.thumbnails.standard.url,snippet.thumbnails.standard.width,snippet.thumbnails.standard.height,snippet.channelTitle,snippet.tags,snippet.categoryId,snippet.liveBroadcastContent,snippet.defaultLanguage,snippet.localized.title,snippet.localized.description,snippet.defaultAudioLanguage,contentDetails.duration,contentDetails.dimension,contentDetails.definition,contentDetails.caption,contentDetails.licensedContent,contentDetails.projection,statistics.viewCount,statistics.likeCount,statistics.favoriteCount,statistics.commentCount,snippet.thumbnails.maxres.url,snippet.thumbnails.maxres.width,snippet.thumbnails.maxres.height,contentDetails.regionRestriction.blocked,contentDetails.regionRestriction.allowed
youtube#video,9IbXXTTf_69OVou9V7PKa043HO0,LJVUBqU_8gc,2026-08-18T00:45:11Z,UCcUTYi5E6B1wXxhiO9asmrQ,शिव गौरा भजन | गौरा रूठ गई पीहर चली गई | Gora Ruth Gayi Pihar Chali Gayi | Shiv Gaura Bhajan #2026,"#shiv​ #shivgorabhajan​ #bholebaba​ #saavankebhajan​ #bhakti​ #bhajan​ 
शिव गौरा भजन | गौरा रूठ गई पीहर चली गई | Gora Ruth Gayi Pihar Chali Gayi | Shiv Gaura Bhajan 2026 SHIV,GORA,PARVATI,GANESH,BHOLENATH,RAM,KRISHNA,SAVAN,SAAVAN,BHAJAN

🙏 हर हर महादेव
🙏 जय भोलेनाथ
🙏 जय माता पार्वती

#गौरारूठगई​ #GauraRuthGayi​ #ShivBhajan​ #BholeBaba​ #GauraParvati​ #Mahadev​ #ParvatiMata​ #BholeSong​ #ShivParvati​ #HarHarMahadev​

gaura ruth gayi pihar chali gayi,
गौरा रूठ गई पीहर चली गई,
gora ruth gayi pihar chali gayi,
gaura ruth gayi,
gaura ke bhajan,
gaura parvati bhajan,
shiv parvati bhajan,
shiv parvati song,
bhole baba song,
bhole baba ke bhajan,
new bhole song 2026,
new shiv bhajan 2026,
shiv bhajan,
mahadev bhajan,
mahadev song,
gaura shiv bhajan,
gaura bhajan,
parvati mata bhajan,
bholenath bhajan,
भोले बाबा के भजन,
शिव पार्वती भजन,
गौरा के भजन,
महादेव भजन,
हर हर महादेव,
sawan bhajan,
sawan song 2026
प्रिय श्रोताओं,

► हम आपके लिए लेकर आते हैं Bhajans, Devotional Songs, Kirtans, और Spiritual Music जो आपके आत्मिक शांति और भक्ति में वृद्धि करते हैं।

► Song - Gaura Ruth Gayi Pihar Chali Gayi 
► Singer - Harjeet Kaur
► Lyrics - Traditional
► Special Thanks To All Team

प्रिय दर्शको,

► हमारी Videos को आपने इतना सराहा और पसंद किया उसके लिए आप सबका बहुत धन्यवाद।



#Bhajans​ #DevotionalSongs​ #Kirtans​ #SpiritualMusic​ #RamBhajan​ #DivineMusic​ #HinduBhajans​ #PeacefulMusic​ #GodsBlessings​ #MeditationMusic​ #SoulfulBhajans​ #SpiritualJourney​ #PrayerSongs​ #IndianDevotionalMusic​",https://i.ytimg.com/vi/LJVUBqU_8gc/default.jpg,120,90,https://i.ytimg.com/vi/LJVUBqU_8gc/mqdefault.jpg,320,180,https://i.ytimg.com/vi/LJVUBqU_8gc/hqdefault.jpg,480,360,https://i.ytimg.com/vi/LJVUBqU_8gc/sddefault.jpg,640,480,Editor Ramsingh jaitpur 🎵,"['gaura ruth gayi pihar chali gayi', 'गौरा रूठ गई पीहर चली गई', 'gora ruth gayi pihar chali gayi', 'gaura ruth gayi', 'gaura ke bhajan', 'gaura parvati bhajan', 'shiv parvati bhajan', 'shiv parvati song', 'bhole baba song', 'bhole baba ke bhajan', 'new bhole song 2026', 'new shiv bhajan 2026', 'shiv bhajan', 'mahadev bhajan', 'mahadev song', 'gaura shiv bhajan', 'gaura bhajan', 'parvati mata bhajan', 'bholenath bhajan', 'भोले बाबा के भजन', 'शिव पार्वती भजन', 'गौरा के भजन']",10,none,hi,शिव गौरा भजन | गौरा रूठ गई पीहर चली गई | Gora Ruth Gayi Pihar Chali Gayi | Shiv Gaura Bhajan #2026,"#shiv​ #shivgorabhajan​ #bholebaba​ #saavankebhajan​ #bhakti​ #bhajan​ 
शिव गौरा भजन | गौरा रूठ गई पीहर चली गई | Gora Ruth Gayi Pihar Chali Gayi | Shiv Gaura Bhajan 2026 SHIV,GORA,PARVATI,GANESH,BHOLENATH,RAM,KRISHNA,SAVAN,SAAVAN,BHAJAN

🙏 हर हर महादेव
🙏 जय भोलेनाथ
🙏 जय माता पार्वती

#गौरारूठगई​ #GauraRuthGayi​ #ShivBhajan​ #BholeBaba​ #GauraParvati​ #Mahadev​ #ParvatiMata​ #BholeSong​ #ShivParvati​ #HarHarMahadev​

gaura ruth gayi pihar chali gayi,
गौरा रूठ गई पीहर चली गई,
gora ruth gayi pihar chali gayi,
gaura ruth gayi,
gaura ke bhajan,
gaura parvati bhajan,
shiv parvati bhajan,
shiv parvati song,
bhole baba song,
bhole baba ke bhajan,
new bhole song 2026,
new shiv bhajan 2026,
shiv bhajan,
mahadev bhajan,
mahadev song,
gaura shiv bhajan,
gaura bhajan,
parvati mata bhajan,
bholenath bhajan,
भोले बाबा के भजन,
शिव पार्वती भजन,
गौरा के भजन,
महादेव भजन,
हर हर महादेव,
sawan bhajan,
sawan song 2026
प्रिय श्रोताओं,

► हम आपके लिए लेकर आते हैं Bhajans, Devotional Songs, Kirtans, और Spiritual Music जो आपके आत्मिक शांति और भक्ति में वृद्धि करते हैं।

► Song - Gaura Ruth Gayi Pihar Chali Gayi 
► Singer - Harjeet Kaur
► Lyrics - Traditional
► Special Thanks To All Team

प्रिय दर्शको,

► हमारी Videos को आपने इतना सराहा और पसंद किया उसके लिए आप सबका बहुत धन्यवाद।



#Bhajans​ #DevotionalSongs​ #Kirtans​ #SpiritualMusic​ #RamBhajan​ #DivineMusic​ #HinduBhajans​ #PeacefulMusic​ #GodsBlessings​ #MeditationMusic​ #SoulfulBhajans​ #SpiritualJourney​ #PrayerSongs​ #IndianDevotionalMusic​",hi,PT8M3S,2d,hd,false,True,rectangular,118599,747,0,4,,,,,
youtube#video,45rubhJmlkiFW1ZhASqWonEkteg,NPI5-d55lYM,2026-08-19T01:30:03Z,UCGE-L0dJpos3ut0N96H75Jw,Maadhia ra Sasura Ghara || Trailer || Maadhia Comedy,AI camera katila challan - https://youtu.be/FG-r9qld4gU,https://i.ytimg.com/vi/NPI5-d55lYM/default.jpg,120,90,https://i.ytimg.com/vi/NPI5-d55lYM/mqdefault.jpg,320,180,https://i.ytimg.com/vi/NPI5-d55lYM/hqdefault.jpg,480,360,https://i.ytimg.com/vi/NPI5-d55lYM/sddefault.jpg,640,480,utkal cartoonworld,"['natia', 'natia comedy', 'natia cartoon', 'maadhia', 'madhia comedy', 'maadhia ra sasura ghara bula', 'maadhia gala sasura ghara', 'natia video', 'utkal cartoon world', 'odia comedy', 'odia cartoon']",23,none,en,Maadhia ra Sasura Ghara || Trailer || Maadhia Comedy,AI camera katila challan - https://youtu.be/FG-r9qld4gU,en-US,PT1M38S,2d,hd,false,True,rectangular,297336,9668,0,97,https://i.ytimg.com/vi/NPI5-d55lYM/maxresdefault.jpg,1280.0,720.0,,
youtube#video,Hids0sjKy7mE_etnlQQ2oU9hpyI,Wr-nh-9KdxU,2026-08-19T07:24:36Z,UCW3Ms3ZxVaZUniP-HifWCDg,Carry vs FRIENDS STATUE Chunk Battle In Minecraft!,"in this video we are doing statue battle in miencraft..

#carrydepie 
#minecraft",https://i.ytimg.com/vi/Wr-nh-9KdxU/default.jpg,120,90,https://i.ytimg.com/vi/Wr-nh-9KdxU/mqdefault.jpg,320,180,https://i.ytimg.com/vi/Wr-nh-9KdxU/hqdefault.jpg,480,360,https://i.ytimg.com/vi/Wr-nh-9KdxU/sddefault.jpg,640,480,Karry Kraft,"['carry depie', 'roblox', 'minecraft']",20,none,en,Carry vs FRIENDS STATUE Chunk Battle In Minecraft!,"in this video we are doing statue battle in miencraft..

#carrydepie 
#minecraft",en-IN,PT9M43S,2d,hd,false,True,rectangular,695277,9196,0,434,https://i.ytimg.com/vi/Wr-nh-9KdxU/maxresdefault.jpg,1280.0,720.0,,
youtube#video,t-DWw1W5XrLeKSdQTDrFkQKDS9g,J6Q8LEsgqQY,2026-08-16T05:00:12Z,UCj3oxxIU6LdLRPs8iGXhY2A,Aaj Kehna Zaroori Hai | Andaaz | Akshay Kumar | Lara Dutta | Udit Narayan | Alka Yagnik,"Movie: Andaaz (2003)
Song: Aaj Kehna Zaroori Hai
Featuring: Akshay Kumar, Lara Dutta 
Singers: Alka Yagnik, Udit Narayan
Music: Nadeem Shravan
Lyrics: Sameer
Produced by: Shree Krishna International/Suneel Darshan

Lyrics:
हे हे हे हो हो हो आ आ आ आ
आज कहना ज़रूरी है
आज कहना ज़रूरी है
कि तुमसे प्यार हुआ है
कि तुमसे प्यार हुआ है
बड़ी मुश्किल ये दूरी है
बड़ी मुश्किल ये दूरी है
कि तुमसे प्यार हुआ है
कि तुमसे प्यार हुआ है
तेरी चाहतें तेरा अंदाज़ दिल में
छुपाया है बरसों से ये राज़ दिल में
तेरी चाहतें तेरा अंदाज़ दिल में
छुपाया है बरसों से ये राज़ दिल में
बातें करूँ मैं हमेशा तुम्हारी
बढ़ा दी है तुमने मेरी बेक़रारी
अब हर पल सिंदूरी है
अब हर पल सिंदूरी है
कि तुमसे प्यार हुआ है
कि तुमसे प्यार हुआ है
बड़ी मुश्किल ये दूरी है
बड़ी मुश्किल ये दूरी है
कि तुमसे प्यार हुआ है
कि तुमसे प्यार हुआ है
ज़माने को पीछे कहीं छोड़ दें हम
चलो आज सारी हदें तोड़ दें हम
ज़माने को पीछे कहीं छोड़ दें हम
चलो आज सारी हदें तोड़ दें हम
सनम आशिक़ी का ये कैसा असर है
कहाँ आ गए हैं नहीं अब खबर है
साँस तुम बिन अधूरी है
साँस तुम बिन अधूरी है
कि तुमसे प्यार हुआ है
कि तुमसे प्यार हुआ है
आज कहना ज़रूरी है
आज कहना ज़रूरी है
कि तुमसे प्यार हुआ है
कि तुमसे प्यार हुआ है
बड़ी मुश्किल ये दूरी है
बड़ी मुश्किल ये दूरी है
कि तुमसे प्यार हुआ है
कि तुमसे प्यार हुआ है
कि तुमसे प्यार हुआ है
कि तुमसे प्यार हुआ है
आ हा आ हा आ हा आ हा हे हे हे हे",https://i.ytimg.com/vi/J6Q8LEsgqQY/default.jpg,120,90,https://i.ytimg.com/vi/J6Q8LEsgqQY/mqdefault.jpg,320,180,https://i.ytimg.com/vi/J6Q8LEsgqQY/hqdefault.jpg,480,360,https://i.ytimg.com/vi/J6Q8LEsgqQY/sddefault.jpg,640,480,DilSe Beats,,24,none,hi,Aaj Kehna Zaroori Hai | Andaaz | Akshay Kumar | Lara Dutta | Udit Narayan | Alka Yagnik,"Movie: Andaaz (2003)
Song: Aaj Kehna Zaroori Hai
Featuring: Akshay Kumar, Lara Dutta 
Singers: Alka Yagnik, Udit Narayan
Music: Nadeem Shravan
Lyrics: Sameer
Produced by: Shree Krishna International/Suneel Darshan

Lyrics:
हे हे हे हो हो हो आ आ आ आ
आज कहना ज़रूरी है
आज कहना ज़रूरी है
कि तुमसे प्यार हुआ है
कि तुमसे प्यार हुआ है
बड़ी मुश्किल ये दूरी है
बड़ी मुश्किल ये दूरी है
कि तुमसे प्यार हुआ है
कि तुमसे प्यार हुआ है
तेरी चाहतें तेरा अंदाज़ दिल में
छुपाया है बरसों से ये राज़ दिल में
तेरी चाहतें तेरा अंदाज़ दिल में
छुपाया है बरसों से ये राज़ दिल में
बातें करूँ मैं हमेशा तुम्हारी
बढ़ा दी है तुमने मेरी बेक़रारी
अब हर पल सिंदूरी है
अब हर पल सिंदूरी है
कि तुमसे प्यार हुआ है
कि तुमसे प्यार हुआ है
बड़ी मुश्किल ये दूरी है
बड़ी मुश्किल ये दूरी है
कि तुमसे प्यार हुआ है
कि तुमसे प्यार हुआ है
ज़माने को पीछे कहीं छोड़ दें हम
चलो आज सारी हदें तोड़ दें हम
ज़माने को पीछे कहीं छोड़ दें हम
चलो आज सारी हदें तोड़ दें हम
सनम आशिक़ी का ये कैसा असर है
कहाँ आ गए हैं नहीं अब खबर है
साँस तुम बिन अधूरी है
साँस तुम बिन अधूरी है
कि तुमसे प्यार हुआ है
कि तुमसे प्यार हुआ है
आज कहना ज़रूरी है
आज कहना ज़रूरी है
कि तुमसे प्यार हुआ है
कि तुमसे प्यार हुआ है
बड़ी मुश्किल ये दूरी है
बड़ी मुश्किल ये दूरी है
कि तुमसे प्यार हुआ है
कि तुमसे प्यार हुआ है
कि तुमसे प्यार हुआ है
कि तुमसे प्यार हुआ है
आ हा आ हा आ हा आ हा हे हे हे हे",hi,PT5M59S,2d,hd,false,True,rectangular,249059,244,0,2,https://i.ytimg.com/vi/J6Q8LEsgqQY/maxresdefault.jpg,1280.0,720.0,,
youtube#video,lnlnBS5OFqvUTHokPcMhdpxvnjI,NP5ebSjn-_I,2026-08-18T10:22:54Z,UCkhDF512LC4hnZOXtoCeDYA,"Mahakavya Shri Ramayan Katha | Teaser | Dev Sharma, Anjali Arora | Mahobiya Films | 25th Sept 2026","युग बदले, पीढ़ियाँ बदलीं…
पर श्रीराम और माता सीता के प्रेम, त्याग और मर्यादा की यह अमर कथा आज भी उतनी ही जीवित है।

The greatest epic. The most timeless story of love and sacrifice.

AJ Film Entertainment World Presents 
A Mahobiya Films Production  

Mahakavya Shri Ramayan Katha – Shri Ram Ki
Releasing IN CINEMAS 
25th September 2026.

#ShriRamayanKatha #ShriRamKi #JaiShriRam
#MahakavyaShriRamayanKatha
Shri Ram Ki 

Starring - Dev Sharma, Anjali Arora, Sheel Verma, Rajniesh Duggal, Nirbhay Wadhwa  
Directed By - Abhishek Singh  
Produced By - Prakash Mahobiya & Sanjay Bundela 
Co Produced By - Honey Kuldeep Agarwal, Monika Sen  
DOP - Kunal V Kadam, Ravi Parcha  
Editor -  Ajay Varma 
Music By - Dev  - Ashish
Production - Bobby Rajput
Creative Director- Deekshit Kaul
VFX - Flamingo VFX
Visual Promotion- Postman Studiozz
Executive Producer- Jugal Kishore Tiwari
Production Controller - Rakesh Singh Thakur
Associate Director - Roshan Singh
Costume Designer- Vaibhavi Adsule
Marketing & PR- Studio Unees
Art Department- Lakhan Das Tandiya
Casting - Diana Entertainment, Aaradhya Entertainment
Fight Master - Nishant Abdul Khan
Poster Design - Gyanchand  Devpati 
Choreography - Himanshu Kumar
DI & Sound - Aftertake Studios (Medi)
DI Colorist - Pranav Manna
Sound Designer & Recording Mixer - Deepak Pujari
Associate Producer - Anand Tiwari 
Singers- Javed Ali, Shahid Mallya, Farhad Bhiwandiwala, Kailash Kher, Shaan, Vaishali Samant",https://i.ytimg.com/vi/NP5ebSjn-_I/default.jpg,120,90,https://i.ytimg.com/vi/NP5ebSjn-_I/mqdefault.jpg,320,180,https://i.ytimg.com/vi/NP5ebSjn-_I/hqdefault.jpg,480,360,https://i.ytimg.com/vi/NP5ebSjn-_I/sddefault.jpg,640,480,M SERIES,,10,none,en,"Mahakavya Shri Ramayan Katha | Teaser | Dev Sharma, Anjali Arora | Mahobiya Films | 25th Sept 2026","युग बदले, पीढ़ियाँ बदलीं…
पर श्रीराम और माता सीता के प्रेम, त्याग और मर्यादा की यह अमर कथा आज भी उतनी ही जीवित है।

The greatest epic. The most timeless story of love and sacrifice.

AJ Film Entertainment World Presents 
A Mahobiya Films Production  

Mahakavya Shri Ramayan Katha – Shri Ram Ki
Releasing IN CINEMAS 
25th September 2026.

#ShriRamayanKatha #ShriRamKi #JaiShriRam
#MahakavyaShriRamayanKatha
Shri Ram Ki 

Starring - Dev Sharma, Anjali Arora, Sheel Verma, Rajniesh Duggal, Nirbhay Wadhwa  
Directed By - Abhishek Singh  
Produced By - Prakash Mahobiya & Sanjay Bundela 
Co Produced By - Honey Kuldeep Agarwal, Monika Sen  
DOP - Kunal V Kadam, Ravi Parcha  
Editor -  Ajay Varma 
Music By - Dev  - Ashish
Production - Bobby Rajput
Creative Director- Deekshit Kaul
VFX - Flamingo VFX
Visual Promotion- Postman Studiozz
Executive Producer- Jugal Kishore Tiwari
Production Controller - Rakesh Singh Thakur
Associate Director - Roshan Singh
Costume Designer- Vaibhavi Adsule
Marketing & PR- Studio Unees
Art Department- Lakhan Das Tandiya
Casting - Diana Entertainment, Aaradhya Entertainment
Fight Master - Nishant Abdul Khan
Poster Design - Gyanchand  Devpati 
Choreography - Himanshu Kumar
DI & Sound - Aftertake Studios (Medi)
DI Colorist - Pranav Manna
Sound Designer & Recording Mixer - Deepak Pujari
Associate Producer - Anand Tiwari 
Singers- Javed Ali, Shahid Mallya, Farhad Bhiwandiwala, Kailash Kher, Shaan, Vaishali Samant",hi,PT1M33S,2d,hd,false,False,rectangular,390249,6145,0,3747,https://i.ytimg.com/vi/NP5ebSjn-_I/maxresdefault.jpg,1280.0,720.0,,
youtube#video,GWDKfLOl9UmdQamHFiAmyMDynas,xc6t43BS2Dk,2026-08-19T12:00:16Z,UClqifC6Nd7v-IfTqce4k62A,We Faked Our Death in Minecraft..,"in this video we are faking our death in minecraft..


#carrydepie 
#roblox",https://i.ytimg.com/vi/xc6t43BS2Dk/default.jpg,120,90,https://i.ytimg.com/vi/xc6t43BS2Dk/mqdefault.jpg,320,180,https://i.ytimg.com/vi/xc6t43BS2Dk/hqdefault.jpg,480,360,https://i.ytimg.com/vi/xc6t43BS2Dk/sddefault.jpg,640,480,Carry Depie,"['carry depie', 'minecraft', 'roblox', 'doorbin']",20,none,en,We Faked Our Death in Minecraft..,"in this video we are faking our death in minecraft..


#carrydepie 
#roblox",hi,PT16M56S,2d,hd,false,True,rectangular,779520,14336,0,772,https://i.ytimg.com/vi/xc6t43BS2Dk/maxresdefault.jpg,1280.0,720.0,,
youtube#video,SMcw3VeQZGpMfcEXnKibuQZ79JI,QnQnz9G2LNw,2026-08-16T14:33:24Z,UCnJjcn5FrgrOEp5_N45ZLEQ,MALLEPOOLA PALLAKI (Song) | Ravi Teja | GV Prakash | Dappu Srinu | Shiva Nirvana | Irumudi,"🎶 Presenting “Mallepoola Pallaki” Lyrical Video Song, featuring Ravi Teja and the soulful music of GV Prakash Kumar.

✨ With vocals and musical energy by Dappu Srinu, lyrics by Chowdam Srinivasa , and the vibrant essence of Irumudi, this song brings together an energetic and captivating musical experience.

❤️ Enjoy the lyrical beauty, powerful beats, and infectious vibe of Mallepoola Pallaki!

#MallepoolaPallaki #RaviTeja #GVPrakashKumar #Irumudi
------------------------------------------ 
Connect with T-Series Telugu: 👉 http://bit.ly/SubscribeToTseriesTelugu
------------------------------------------
🎶 Music Slate 🎶
Song: Mallepoola Pallaki
Album/Movie: Irumudi
Artist Name: Ravi Teja
Singer: Dappu Srinu
Recreated by GV Prakash 
Original Composer: Sunkara Anjaneyulu
Lyricist: Chowdam Srinivasa Rao


🎬Movie Credits 🎬
Director: Shiva Nirvana
Producers: Naveen Yerneni & Y. Ravi Shankar
Presenters: Gulshan Kumar, Bhushan Kumar & T-Series Films
Music Director: G. V. Prakash Kumar
Co-producer: Shiv Chanana
President(T-Series): Neeraj Kalyan
CEO: Cherry
Cinematographer: Vishnu Sharma
Editor: Prawin Pudi
Production Designer: Sahi Suresh
Chief Executive Producer: Dinesh Narasimhan
Action: Ram Lakshman, Real Sathish
Choreography: Sekhar V J, Baba Baskar
Co-Director: Suresh.N
Art Director: Bhargava Noundla
Additional Screenplay: Naresh Babu.P
Costume Designer: Rajesh Kamarsu
Audiography: S Rajakrishnan
Sound design :  RaghuNath Kemisetty
VFX: Narendra Logisa
Controller: Shaik Sheksha Vali
Promos: Vijay Cuts
Publicity Design: YellowTooths
Marketing: First Show
PRO: Vamsi - Sheka

Music Label: T-Series
---------------------------
Enjoy & stay connected with us! 🎶

👉 Subscribe to T-Series Telugu: http://bit.ly/SubscribeToTseriesTelugu
👉 Like us on Facebook: http://www.facebook.com/Tseriestelugu
👉 Follow us on Instagram: http://bit.ly/InstagramT-SeriesSouthOffical
👉 Follow us on Twitter: http://bit.ly/TwitterT-SeriesSouthOffical
👉 Follow us on WhatsApp: https://bit.ly/4cGF0YV
👉 Follow us on Snapchat: https://bit.ly/4jpOwCC

Thank you for watching our latest Telugu song 2026.
If you enjoyed the song, please SUBSCRIBE to our channel and press the Bell icon 🔔 to receive instant updates on all our new releases.
✨ We promise to bring you the best Telugu songs of all time — keep supporting us!",https://i.ytimg.com/vi/QnQnz9G2LNw/default.jpg,120,90,https://i.ytimg.com/vi/QnQnz9G2LNw/mqdefault.jpg,320,180,https://i.ytimg.com/vi/QnQnz9G2LNw/hqdefault.jpg,480,360,https://i.ytimg.com/vi/QnQnz9G2LNw/sddefault.jpg,640,480,T-Series Telugu,"['T-Series', 'Latest telugu Songs', 'telugu songs', 'latest video', 'Latest Telugu Songs 2026', 'telugu melody songs', 'Telugu Hits', 'Mallepoola Pallaki', 'Mallepoola Pallaki Song', 'Mallepoola Pallaki Lyrical', 'Mallepoola Pallaki Lyrical Video', 'Ravi Teja', 'Ravi Teja Songs', 'GV Prakash Kumar', 'GV Prakash Songs', 'Dappu Srinu', 'Shiva Nirvana', 'Irumudi', 'mallepula pallaki bangaru pallaki', 'mallepula pallaki bangaru pallaki ayyappa', 'dappu srinu', 'ayyappa Song', 'dappu srinu dj song']",10,none,en,MALLEPOOLA PALLAKI (Song) | Ravi Teja | GV Prakash | Dappu Srinu | Shiva Nirvana | Irumudi,"🎶 Presenting “Mallepoola Pallaki” Lyrical Video Song, featuring Ravi Teja and the soulful music of GV Prakash Kumar.

✨ With vocals and musical energy by Dappu Srinu, lyrics by Chowdam Srinivasa , and the vibrant essence of Irumudi, this song brings together an energetic and captivating musical experience.

❤️ Enjoy the lyrical beauty, powerful beats, and infectious vibe of Mallepoola Pallaki!

#MallepoolaPallaki #RaviTeja #GVPrakashKumar #Irumudi
------------------------------------------ 
Connect with T-Series Telugu: 👉 http://bit.ly/SubscribeToTseriesTelugu
------------------------------------------
🎶 Music Slate 🎶
Song: Mallepoola Pallaki
Album/Movie: Irumudi
Artist Name: Ravi Teja
Singer: Dappu Srinu
Recreated by GV Prakash 
Original Composer: Sunkara Anjaneyulu
Lyricist: Chowdam Srinivasa Rao


🎬Movie Credits 🎬
Director: Shiva Nirvana
Producers: Naveen Yerneni & Y. Ravi Shankar
Presenters: Gulshan Kumar, Bhushan Kumar & T-Series Films
Music Director: G. V. Prakash Kumar
Co-producer: Shiv Chanana
President(T-Series): Neeraj Kalyan
CEO: Cherry
Cinematographer: Vishnu Sharma
Editor: Prawin Pudi
Production Designer: Sahi Suresh
Chief Executive Producer: Dinesh Narasimhan
Action: Ram Lakshman, Real Sathish
Choreography: Sekhar V J, Baba Baskar
Co-Director: Suresh.N
Art Director: Bhargava Noundla
Additional Screenplay: Naresh Babu.P
Costume Designer: Rajesh Kamarsu
Audiography: S Rajakrishnan
Sound design :  RaghuNath Kemisetty
VFX: Narendra Logisa
Controller: Shaik Sheksha Vali
Promos: Vijay Cuts
Publicity Design: YellowTooths
Marketing: First Show
PRO: Vamsi - Sheka

Music Label: T-Series
---------------------------
Enjoy & stay connected with us! 🎶

👉 Subscribe to T-Series Telugu: http://bit.ly/SubscribeToTseriesTelugu
👉 Like us on Facebook: http://www.facebook.com/Tseriestelugu
👉 Follow us on Instagram: http://bit.ly/InstagramT-SeriesSouthOffical
👉 Follow us on Twitter: http://bit.ly/TwitterT-SeriesSouthOffical
👉 Follow us on WhatsApp: https://bit.ly/4cGF0YV
👉 Follow us on Snapchat: https://bit.ly/4jpOwCC

Thank you for watching our latest Telugu song 2026.
If you enjoyed the song, please SUBSCRIBE to our channel and press the Bell icon 🔔 to receive instant updates on all our new releases.
✨ We promise to bring you the best Telugu songs of all time — keep supporting us!",te,PT3M12S,2d,hd,false,True,rectangular,8289412,178581,0,4802,https://i.ytimg.com/vi/QnQnz9G2LNw/maxresdefault.jpg,1280.0,720.0,,
youtube#video,o9doO8CgLTY9_5gIeWZ2idcPXq0,yNydA8kTUOk,2026-08-19T16:54:16Z,UCeiAKuJGZrIjYvaq0nMwbJg,Toxic English Trailer REVIEW | Deeksha Sharma,"Toxic English Trailer Review By Deeksha Sharma. Yash with Director Geetu Mohandas unleashed Toxic Official English Trailer with More Massy Appeal, Clear-Cut Dialogues, Deep Emotional Performance & Bigger Larger Than Life Story Presentation. Toxic English Trailer Review Reaction & Why Yash Toxic will raise the bar for Indian Cinema even challenge Ramayana International Box Office Collection- Full Details Discussion inside. Pushpa 2 Allu Arjun vs Toxic Yash Movie- Who is the biggest Pan India Superstar- Do leave Comments below now!

#ToxicEnglishTrailer #ToxicYash #ToxicReview",https://i.ytimg.com/vi/yNydA8kTUOk/default.jpg,120,90,https://i.ytimg.com/vi/yNydA8kTUOk/mqdefault.jpg,320,180,https://i.ytimg.com/vi/yNydA8kTUOk/hqdefault.jpg,480,360,https://i.ytimg.com/vi/yNydA8kTUOk/sddefault.jpg,640,480,Filmi Indian,"['toxic english trailer', 'toxic yash', 'toxic review', 'toxic movie', 'toxic trailer english', 'yash', 'geetu mohandas', 'toxic full movie', 'english', 'trailer', 'review', 'reaction', 'toxic yash reaction', 'toxic songs', 'kiara advani', 'yash toxic', 'yash allu arjun', 'pushpa 2', 'kgf 2', 'movie review', 'filmi indian', 'KVN PRODUCTIONS']",24,none,en,Toxic English Trailer REVIEW | Deeksha Sharma,"Toxic English Trailer Review By Deeksha Sharma. Yash with Director Geetu Mohandas unleashed Toxic Official English Trailer with More Massy Appeal, Clear-Cut Dialogues, Deep Emotional Performance & Bigger Larger Than Life Story Presentation. Toxic English Trailer Review Reaction & Why Yash Toxic will raise the bar for Indian Cinema even challenge Ramayana International Box Office Collection- Full Details Discussion inside. Pushpa 2 Allu Arjun vs Toxic Yash Movie- Who is the biggest Pan India Superstar- Do leave Comments below now!

#ToxicEnglishTrailer #ToxicYash #ToxicReview",hi,PT3M47S,2d,hd,false,True,rectangular,248692,11329,0,1139,https://i.ytimg.com/vi/yNydA8kTUOk/maxresdefault.jpg,1280.0,720.0,,
youtube#video,iFDMBHcXIRsae2lfKlaq9RXujpM,kwkPGYJkzek,2026-08-20T01:54:06Z,UC5guTudGjVnsKjmzt40cb-w,🔴LIVE GTA 5 GAMEPLAY | RAAJOO GAMING,"Welcome to the most INSANE GTA 5 Vertical LIVE Stream! 😱
Get ready for nonstop action featuring brutal car crashes, massive train collisions, epic high-speed stunts, and hilarious fails! 🚂💥

🎮 GTA 5 LIVE Gameplay
🚗 Crazy Car Crashes
🚂 Train vs Cars Ultimate Madness
💥 Insane Stunts & Epic Fails
😂 Ultimate Funny Moments
⚡ Nonstop Action & Entertainment

Welcome to the ultimate GTA V live stream where we race fast cars, explore Los Santos, and vibe with chill gameplay. If you love high-speed races, smooth driving, and relaxed gaming streams, you’re in the right place. Join the live chat, suggest races, and enjoy nonstop GTA 5 fun with laid-back vibes. This stream is all about speed, style, and chilling with the community. 

Don’t forget to like, subscribe, and share the stream to support the channel and be part of the GTA V family

#gta5 #gtav #gaming",https://i.ytimg.com/vi/kwkPGYJkzek/default.jpg,120,90,https://i.ytimg.com/vi/kwkPGYJkzek/mqdefault.jpg,320,180,https://i.ytimg.com/vi/kwkPGYJkzek/hqdefault.jpg,480,360,https://i.ytimg.com/vi/kwkPGYJkzek/sddefault.jpg,640,480,Raajoo Gaming,"['GTA 5', 'gta 5 live', 'gta v gameplay', 'gta 5 mod', 'gta 5 funny', 'gta 5 gameplay', 'rockstar games']",20,none,en,🔴LIVE GTA 5 GAMEPLAY | RAAJOO GAMING,"Welcome to the most INSANE GTA 5 Vertical LIVE Stream! 😱
Get ready for nonstop action featuring brutal car crashes, massive train collisions, epic high-speed stunts, and hilarious fails! 🚂💥

🎮 GTA 5 LIVE Gameplay
🚗 Crazy Car Crashes
🚂 Train vs Cars Ultimate Madness
💥 Insane Stunts & Epic Fails
😂 Ultimate Funny Moments
⚡ Nonstop Action & Entertainment

Welcome to the ultimate GTA V live stream where we race fast cars, explore Los Santos, and vibe with chill gameplay. If you love high-speed races, smooth driving, and relaxed gaming streams, you’re in the right place. Join the live chat, suggest races, and enjoy nonstop GTA 5 fun with laid-back vibes. This stream is all about speed, style, and chilling with the community. 

Don’t forget to like, subscribe, and share the stream to support the channel and be part of the GTA V family

#gta5 #gtav #gaming",hi,PT1H26M27S,2d,hd,false,True,rectangular,837196,3116,0,0,https://i.ytimg.com/vi/kwkPGYJkzek/maxresdefault.jpg,1280.0,720.0,,
youtube#video,IaqtpbTn9qllqBA5F8favBZVzjg,7o3HZeYIJaA,2026-08-20T06:30:01Z,UC99IVRmbb0vJZ1Vge2HtMHg,LEGACY EP 10 | THE SOUNDS OF INDIA | @raftaarmusic x @KRSNAOfficial,"The sounds of India take over the stage.

In Episode 10, the artists step onto the stage carrying more than just bars. They bring the sounds, stories and influences of the places they call home.
Each artist has the chance to represent their roots and turn their culture into a performance that is uniquely their own.

From language and local sounds to personal stories and regional identity, this round is about showing where they come from and making sure the audience hears it.
Who will bring their roots to life and leave a lasting mark on the stage?

New Episodes Every Tuesday & Friday at 7 PM only on Hindi Zee 5

Watch Every Thursday & Sunday at 12 PM only on YouTube - Kalamkaar


0:00 Intro
0:28 Chapter 3
2:40 Top 10 Contestants
4:53 Seedhe Maut
6:37 Manisten
14:04 Khushi
24:00 KR$NA & Seedhe Maut Performance
29:27 Dean
39:29 Bigg Smoke
47:27 Prathamesh
56:10 Sambata Performance
1:04:26 Outro


CREDITS:
Presented By: Kalamkaar Music & SVF Music
Produced By: Ankit Khanna • Dilin Nair • Krishna Kaul (Kalamkaar Music)
Produced By: Shrikant Mohta • Mahendra Soni • Saksham Mohta (SVF Music)
Produced By: Rahul Sheth • Kunaall Gavankar (Stars N Stripes)
Co-Producers: Ekant Baruta • Viveck Koomar • Siddhartha Roy
Creative Producer: Anishka Shukla
Executive Producers: Radhikkaa Joshii • Ankit Khanna • Rahul Sheth

Music EP: Jagjit Singh Bhogal
Music Producer & Supervisor: Shah Rule
Rap Coach: Gravity
A & R + Music EP : Sahil Suneja
Music ACD: Jatin Tambe
BGM: Devansh Kahai

Show Runner: Neerja Jaiswal
Creative Director: Shweta Shetty
Director: Angshuman Ghosh
DOP: Merwyn Francis
Head of Production: Radhikkaa Joshii
Post Production: Lost Films
Production Design: Be There Design Studio
Reality Head: Dikshant
Series Aesthetics & Visual Identity: Kunaall Gavankar

If you’re part of the culture:
Like. Comment. Share.

Subscribe and join the movement.


Special thanks to the entire cast, crew, and everyone who contributed to making LEGACY possible.

#Legacy #DesiHipHop #DHH #IndianHipHop #HipHop #Rap #RAFTAAR #KRSNA #ForTheCulture #Kalamkaar #Kalamkaarmusic #StreamingOnHindiZee5 #SeedheMaut",https://i.ytimg.com/vi/7o3HZeYIJaA/default.jpg,120,90,https://i.ytimg.com/vi/7o3HZeYIJaA/mqdefault.jpg,320,180,https://i.ytimg.com/vi/7o3HZeYIJaA/hqdefault.jpg,480,360,https://i.ytimg.com/vi/7o3HZeYIJaA/sddefault.jpg,640,480,Kalamkaar,"['Legacy Anthem', 'Legacy Reality Show', 'Desi Hip Hop', 'DHH', 'Indian Hip Hop', 'Hip Hop Reality Show', 'Rap Reality Show', 'RAFTAAR', 'KRSNA', 'Kalamkaar', 'Rap Competition', 'Indian Rappers', 'Hindi Rap', 'Underground Rap', 'Hip Hop India']",10,none,en,LEGACY EP 10 | THE SOUNDS OF INDIA | @raftaarmusic x @KRSNAOfficial,"The sounds of India take over the stage.

In Episode 10, the artists step onto the stage carrying more than just bars. They bring the sounds, stories and influences of the places they call home.
Each artist has the chance to represent their roots and turn their culture into a performance that is uniquely their own.

From language and local sounds to personal stories and regional identity, this round is about showing where they come from and making sure the audience hears it.
Who will bring their roots to life and leave a lasting mark on the stage?

New Episodes Every Tuesday & Friday at 7 PM only on Hindi Zee 5

Watch Every Thursday & Sunday at 12 PM only on YouTube - Kalamkaar


0:00 Intro
0:28 Chapter 3
2:40 Top 10 Contestants
4:53 Seedhe Maut
6:37 Manisten
14:04 Khushi
24:00 KR$NA & Seedhe Maut Performance
29:27 Dean
39:29 Bigg Smoke
47:27 Prathamesh
56:10 Sambata Performance
1:04:26 Outro


CREDITS:
Presented By: Kalamkaar Music & SVF Music
Produced By: Ankit Khanna • Dilin Nair • Krishna Kaul (Kalamkaar Music)
Produced By: Shrikant Mohta • Mahendra Soni • Saksham Mohta (SVF Music)
Produced By: Rahul Sheth • Kunaall Gavankar (Stars N Stripes)
Co-Producers: Ekant Baruta • Viveck Koomar • Siddhartha Roy
Creative Producer: Anishka Shukla
Executive Producers: Radhikkaa Joshii • Ankit Khanna • Rahul Sheth

Music EP: Jagjit Singh Bhogal
Music Producer & Supervisor: Shah Rule
Rap Coach: Gravity
A & R + Music EP : Sahil Suneja
Music ACD: Jatin Tambe
BGM: Devansh Kahai

Show Runner: Neerja Jaiswal
Creative Director: Shweta Shetty
Director: Angshuman Ghosh
DOP: Merwyn Francis
Head of Production: Radhikkaa Joshii
Post Production: Lost Films
Production Design: Be There Design Studio
Reality Head: Dikshant
Series Aesthetics & Visual Identity: Kunaall Gavankar

If you’re part of the culture:
Like. Comment. Share.

Subscribe and join the movement.


Special thanks to the entire cast, crew, and everyone who contributed to making LEGACY possible.

#Legacy #DesiHipHop #DHH #IndianHipHop #HipHop #Rap #RAFTAAR #KRSNA #ForTheCulture #Kalamkaar #Kalamkaarmusic #StreamingOnHindiZee5 #SeedheMaut",hi,PT1H6M41S,2d,hd,false,True,rectangular,251790,21411,0,1998,https://i.ytimg.com/vi/7o3HZeYIJaA/maxresdefault.jpg,1280.0,720.0,,
youtube#video,Bc1gfZ3RAz9U68KiyjHe7RBAFE4,OblfDuD_oN4,2026-08-18T13:37:33Z,UCzsNLZ9GrGXRjt0QmvWFm2Q,Family Drama - Trailer l Gibin Gopinath l Anjali Nair l Annie N Rose l Aneesh JL l Chattambees,"Written & Directed By Aneesh JL
Creative Director & Producer : Joshua N Rose
Screenplay & Dialogue : Agnel Joy & Aneesh JL
Cinematographer : Jithu Chandran
Editor : Joshua N Rose
Music : Jino SL
Chief Associate Director : Mukesh Vishnu
Art Director : Manoj Greenwoods
Colourist : Boby Rajan
Sound Edit, Sound Design & Final Mixing : Shiefin Mayan
Production Managers : Abin Antony, Besalel Ben
Production Controller : Abin V Das
Associate Directors : Agnel Joy, Irfan Afthar, Sanjeevikumar Rajendran
Associate Editor : Arun Rs
Vfx : Sreehari
Spot Editor : Akshay
Costume Designer : Annie N Rose
Associate Cameraman : Anandu Pb
Assistant Directors : Aravind Os, Shanic Netto, Vishnu Suresh
Assistant Editor : Jishnu Priju
Assistant DI : Akshay Murali
Makeup Man : Jithu Kattakada
Gaffer : Sharan Murali
Assistant Cameraman : Hafiz Muhammed
Conformist : Manujith Mohanan
Helicam : Sarath S Kumar
Sync Sound : Akhil Heavens
Media Jibin George
Music Team : Akhil Das, Abhirag, Ratheesh, Priji Jp, Sony, Vinu, Vinodh Lal, Dil
Foley Team : Ram Kumar, Sony James
Makeup Assistants : Vishinu
Art Assistants : Dileep Ozhut, Shaiju Amaravila
Light Unit : Eenam Cinemas
Light Assistants : Adhun Albert, Adarsh Tn, Ratheesh
Rain Unit 1 : Nile Rain Unit & Propeller Aneesh Jv, Gopakumar S, Kajeesh K, Subash
Rain Unit 2 : Amma Cine Rain Unit Stephan
Rig : Anil
Subtitles Murali : Krishnan Du
Dubbing Artist : Sumangala Sunil, Baijy George
Dubbing Studios : Tka Studios, Walkmen Studio

CHATTAMBEES Productions
SUBSCRIBE FOR MORE FUN

📍Address : Rose Dale,
plankalavila , pozhiyoor PO
Trivandrum , Kerala 695513

land mark : Near pozhiyoor police station
For Promotion & Enquiry : chattambeeslite@gmail.com

This channel is Totally Controlled By Joshua N Rose ( Founder ) 🎬🎥🖥
Instagram : https://instagram.com/joshua.n.rose?igshid=YmMyMTA2M2Y=

🔥 Second Channel : https://www.youtube.com/c/Chattambees20
💙 FaceBook:  https://www.facebook.com/chattambees/
❤️ Instagram:  https://instagram.com/chattambees_a.a?igshid=YmMyMTA2M2Y=
💛 Moj : https://mojapp.in/@chattambees_aa​


😊Annie N Rose  https://instagram.com/annie.n.rose?igshid=YmMyMTA2M2Y=
😚Ashna Bernard https://instagram.com/ashnabernard?igshid=YmMyMTA2M2Y=
😆Abin Antony  https://instagram.com/abin_antony0?igshid=YmMyMTA2M2Y=
😝Ashin Bernard  https://instagram.com/ashinbernard?igshid=YmMyMTA2M2Y=
😉Besalel Ben  https://instagram.com/i_besalelben?igshid=YmMyMTA2M2Y=
😇Joshua N Rose  https://instagram.com/joshua.n.rose?igshid=YmMyMTA2M2Y=
🤨Dani N Rose  https://instagram.com/danirose1010?igshid=YmMyMTA2M2Y=

Love You All for this great support 😘
Our programmes - Life Style Vlog / Comedy - Web series / Shortfilm  & Short Videos - Challenges

#Chattambees",https://i.ytimg.com/vi/OblfDuD_oN4/default.jpg,120,90,https://i.ytimg.com/vi/OblfDuD_oN4/mqdefault.jpg,320,180,https://i.ytimg.com/vi/OblfDuD_oN4/hqdefault.jpg,480,360,https://i.ytimg.com/vi/OblfDuD_oN4/sddefault.jpg,640,480,Chattambees,"['chattambees', '#chattambees', 'Chattambees videos', 'chattambees challenge', 'chattambees vlog', 'chattambees shorts', 'chattambees surprise', 'surprise', 'Malayalam top youtubers', 'top Youtuber', 'best lifestyle vlogger', 'challenge video', 'annie', 'ashna', 'abin', 'ashin', 'besal', 'joshua', 'dani', 'malayalam', 'malayalam movie trailer', 'latest Movie trailer', 'movie trailer', 'trailer 2026']",1,none,en,Family Drama - Trailer l Gibin Gopinath l Anjali Nair l Annie N Rose l Aneesh JL l Chattambees,"Written & Directed By Aneesh JL
Creative Director & Producer : Joshua N Rose
Screenplay & Dialogue : Agnel Joy & Aneesh JL
Cinematographer : Jithu Chandran
Editor : Joshua N Rose
Music : Jino SL
Chief Associate Director : Mukesh Vishnu
Art Director : Manoj Greenwoods
Colourist : Boby Rajan
Sound Edit, Sound Design & Final Mixing : Shiefin Mayan
Production Managers : Abin Antony, Besalel Ben
Production Controller : Abin V Das
Associate Directors : Agnel Joy, Irfan Afthar, Sanjeevikumar Rajendran
Associate Editor : Arun Rs
Vfx : Sreehari
Spot Editor : Akshay
Costume Designer : Annie N Rose
Associate Cameraman : Anandu Pb
Assistant Directors : Aravind Os, Shanic Netto, Vishnu Suresh
Assistant Editor : Jishnu Priju
Assistant DI : Akshay Murali
Makeup Man : Jithu Kattakada
Gaffer : Sharan Murali
Assistant Cameraman : Hafiz Muhammed
Conformist : Manujith Mohanan
Helicam : Sarath S Kumar
Sync Sound : Akhil Heavens
Media Jibin George
Music Team : Akhil Das, Abhirag, Ratheesh, Priji Jp, Sony, Vinu, Vinodh Lal, Dil
Foley Team : Ram Kumar, Sony James
Makeup Assistants : Vishinu
Art Assistants : Dileep Ozhut, Shaiju Amaravila
Light Unit : Eenam Cinemas
Light Assistants : Adhun Albert, Adarsh Tn, Ratheesh
Rain Unit 1 : Nile Rain Unit & Propeller Aneesh Jv, Gopakumar S, Kajeesh K, Subash
Rain Unit 2 : Amma Cine Rain Unit Stephan
Rig : Anil
Subtitles Murali : Krishnan Du
Dubbing Artist : Sumangala Sunil, Baijy George
Dubbing Studios : Tka Studios, Walkmen Studio

CHATTAMBEES Productions
SUBSCRIBE FOR MORE FUN

📍Address : Rose Dale,
plankalavila , pozhiyoor PO
Trivandrum , Kerala 695513

land mark : Near pozhiyoor police station
For Promotion & Enquiry : chattambeeslite@gmail.com

This channel is Totally Controlled By Joshua N Rose ( Founder ) 🎬🎥🖥
Instagram : https://instagram.com/joshua.n.rose?igshid=YmMyMTA2M2Y=

🔥 Second Channel : https://www.youtube.com/c/Chattambees20
💙 FaceBook:  https://www.facebook.com/chattambees/
❤️ Instagram:  https://instagram.com/chattambees_a.a?igshid=YmMyMTA2M2Y=
💛 Moj : https://mojapp.in/@chattambees_aa​


😊Annie N Rose  https://instagram.com/annie.n.rose?igshid=YmMyMTA2M2Y=
😚Ashna Bernard https://instagram.com/ashnabernard?igshid=YmMyMTA2M2Y=
😆Abin Antony  https://instagram.com/abin_antony0?igshid=YmMyMTA2M2Y=
😝Ashin Bernard  https://instagram.com/ashinbernard?igshid=YmMyMTA2M2Y=
😉Besalel Ben  https://instagram.com/i_besalelben?igshid=YmMyMTA2M2Y=
😇Joshua N Rose  https://instagram.com/joshua.n.rose?igshid=YmMyMTA2M2Y=
🤨Dani N Rose  https://instagram.com/danirose1010?igshid=YmMyMTA2M2Y=

Love You All for this great support 😘
Our programmes - Life Style Vlog / Comedy - Web series / Shortfilm  & Short Videos - Challenges

#Chattambees",ml,PT1M41S,2d,hd,false,True,rectangular,508726,29493,0,1869,https://i.ytimg.com/vi/OblfDuD_oN4/maxresdefault.jpg,1280.0,720.0,,
youtube#video,dmmaGJQDrRkum98b8RDPRPIGwns,YhlT3olnrbQ,2026-08-20T03:26:37Z,UCDFCpzs71ziH52_FcL2eTNA,GTA 5 LIVE  #gta5 #gtav #gaming,"Welcome to the ultimate GTA V live stream where we race fast cars, explore Los Santos, and vibe with chill gameplay. If you love high-speed races, smooth driving, and relaxed gaming streams, you’re in the right place. Join the live chat, suggest races, and enjoy nonstop GTA 5 fun with laid-back vibes. This stream is all about speed, style, and chilling with the community. Don’t forget to like, subscribe, and share the stream to support the channel and be part of the GTA V family.#gta6 

  #gtav #gta5 #trolling #gaming",https://i.ytimg.com/vi/YhlT3olnrbQ/default.jpg,120,90,https://i.ytimg.com/vi/YhlT3olnrbQ/mqdefault.jpg,320,180,https://i.ytimg.com/vi/YhlT3olnrbQ/hqdefault.jpg,480,360,https://i.ytimg.com/vi/YhlT3olnrbQ/sddefault.jpg,640,480,PAJI IS LIVE,,20,none,en,GTA 5 LIVE  #gta5 #gtav #gaming,"Welcome to the ultimate GTA V live stream where we race fast cars, explore Los Santos, and vibe with chill gameplay. If you love high-speed races, smooth driving, and relaxed gaming streams, you’re in the right place. Join the live chat, suggest races, and enjoy nonstop GTA 5 fun with laid-back vibes. This stream is all about speed, style, and chilling with the community. Don’t forget to like, subscribe, and share the stream to support the channel and be part of the GTA V family.#gta6 

  #gtav #gta5 #trolling #gaming",hi,PT1H6M26S,2d,hd,false,True,rectangular,826586,2948,0,0,https://i.ytimg.com/vi/YhlT3olnrbQ/maxresdefault.jpg,1280.0,720.0,,
youtube#video,MFiYrwdG6a-CAV7k4ZpURlt42QA,WebDvdCLdd8,2026-08-19T01:00:01Z,UCh6r40fbLs62rieVnODZkSw,#Video | Case लिहS तू लड़ | #Raushan Rohi & #Srishti Bharti | #Maghi #Rangdari Song 2026,"►Create Your Reels :- 

►Album :- Case लिहS तू लड़ 
►Song :- Case Liha Tu Lad
►Singer :- Raushan Rohi & Srishti Bharti
►Lyrics :- Omkant Ji
►Music :- Vicky Vox
►Mix & Mastring :- Ankit Ahir
►Video Director :- Pawan Pathak
►Feat :- Neha Pathak
►DI - Rohit Singh
►Manager :- Bittu Singh
►Poster Design :- Dhiraj DKT
►Producer :- Raushan Rohi
►Company/Label - Raushan Rohi Entertainment
►Trade Inquiry No - 
___________________________________________________________
►Digital Head :- Vicky Yadav
►Digital  Partner :- Marsorbit Entertainment Pvt.Ltd
___________________________________________________________
►Raushan Rohi Entertainment Pages 
►Facebook :- https://www.facebook.com/raushan.shiv... 
►Instagram :- https://www.instagram.com/singerraush...    
___________________________________________________________
►Company Brand :- Raushan Rohi Entertainment
►Subscribe Our Channel  :- 
►Thanks For Watching Our  Channel.
►Have A Nice Day ...
►Subscribe For More Updates ...",https://i.ytimg.com/vi/WebDvdCLdd8/default.jpg,120,90,https://i.ytimg.com/vi/WebDvdCLdd8/mqdefault.jpg,320,180,https://i.ytimg.com/vi/WebDvdCLdd8/hqdefault.jpg,480,360,https://i.ytimg.com/vi/WebDvdCLdd8/sddefault.jpg,640,480,Raushan Rohi Entertainment,"['raushan rohi', 'srishti bharti', 'raushan rohi rangdari song', 'raushan rohi new song', 'raushan rohi aur srishti bharti new song 2026', 'srishti bharti maghi song', 'raushan rohi maghi rangdari song', 'case liha tu lad', 'Case लिहS तू लड़', 'raushan rohi entertainment', 'raushan rohi aur srishti bharti new song', 'neha pathak new video song', 'neha pathak newmaghi video song', 'maghi rangdari song', 'raushan rohi hits']",10,none,en,#Video | Case लिहS तू लड़ | #Raushan Rohi & #Srishti Bharti | #Maghi #Rangdari Song 2026,"►Create Your Reels :- 

►Album :- Case लिहS तू लड़ 
►Song :- Case Liha Tu Lad
►Singer :- Raushan Rohi & Srishti Bharti
►Lyrics :- Omkant Ji
►Music :- Vicky Vox
►Mix & Mastring :- Ankit Ahir
►Video Director :- Pawan Pathak
►Feat :- Neha Pathak
►DI - Rohit Singh
►Manager :- Bittu Singh
►Poster Design :- Dhiraj DKT
►Producer :- Raushan Rohi
►Company/Label - Raushan Rohi Entertainment
►Trade Inquiry No - 
___________________________________________________________
►Digital Head :- Vicky Yadav
►Digital  Partner :- Marsorbit Entertainment Pvt.Ltd
___________________________________________________________
►Raushan Rohi Entertainment Pages 
►Facebook :- https://www.facebook.com/raushan.shiv... 
►Instagram :- https://www.instagram.com/singerraush...    
___________________________________________________________
►Company Brand :- Raushan Rohi Entertainment
►Subscribe Our Channel  :- 
►Thanks For Watching Our  Channel.
►Have A Nice Day ...
►Subscribe For More Updates ...",bh,PT3M,2d,hd,false,True,rectangular,410380,25230,0,1751,https://i.ytimg.com/vi/WebDvdCLdd8/maxresdefault.jpg,1280.0,720.0,,
youtube#video,Wv5j6xtAXpc5lU5_CwbvxqSrhVY,8NiMCt2o-uQ,2026-08-16T15:02:40Z,UCpJmCkjsJbqIBdvTRx2zt-w,Khalifa Trailer - Prithviraj Sukumaran | Vysakh | Jinu V Abhraham | Jakes Bejoy,"KHALIFA TRAILER

Directed by: Vysakh
Banner: Jiinu Abraham Innovation
Produced by: Jinu V. Abhraham, Suraj Kumar
Written by: Jinu V. Abhraham
Co-Producer: Sijo Sebastian, Sreelal Soolapani 
Director of Photography: Jomon T. John ISC
Music: Jakes Bejoy 
Editor: Chaman Chakko
Production Designer: Mohandas
Action Directors: Yannick Ben, Chethan D’Souza, Phoenix Prabhu
Co-Director: Suresh Diwakar
Costumes: Mashar Hamsa
Art Direction: Viswanath Aravind
Make-up: Amal Chandran
Sound Design: Sync Cinema
Final Mix: M. R. Rajakrishnan
Production Controllers: Rinny Diwakar, Vinosh Kaimal
Colorist: Srik Varier
DI: Colour Planet
VFX: 3DOORS, I-VFX, DIGIBRICKS VFX, PICTORIAL FX
Promotions: Vipin Kumar POFFACTIO
Stills: Sinat Xavier
Poster Design: Aesthetic Kunjamma

Music Composed, Arranged and Produced by JAKES BEJOY

Music Produced by: JAKES BEJOY, JOEL JOHNS, AGASTYA RAAG

Additional Production: K C BALASARANGAN, ABY TOM CYRIAC, DHANUSH HARSHA

Additional Rhythm Production: HUBERTMARAN 

Backing Vocals: SRUTHY SIVADAS, NEETHUSHA A C, SONY MOHAN, JERIN ANNA JOHN, 
AMAL C AJITH, MILAN JOY, AKASH V H, JOEL JOHNS 

Guitars: ANURAG RAJEEV NAYAN

Mixed and Mastered by MIDHUN ANAND at Mindscore Studios 
Assisted by UNMESH UNNIKRISHNAN

Session Arranged & Managed by: SAJIN SAM, KHALID NAJ

Project Manager: AADI MANVIN
Mindscore Manager: DON VINCENT  

Recording Studios:
Mindscore Studios, Cochin
M Lounge, Cochin

Engineered by:
MIDHUN ANAND
UNMESH UNNIKRISHNAN
AMAL RAJ

Artist Co-ordination: K D VINCENT, DON VINCENT

Music Marketing Head: VIPIN KUMAR

Music Label - Sony Music Entertainment India Pvt. Ltd.

© 2026 Sony Music Entertainment India Pvt. Ltd.

Subscribe Now: http://bit.ly/SonyMusicSouthVevo
Subscribe Now:https://bit.ly/SonyMusicMalayalamOfficial
Subscribe Now: http://bit.ly/SonyMusicSouthYT
Follow us: https://www.instagram.com/sonymusic_south/
Follow us: Twitter: https://twitter.com/SonyMusicSouth
Like us: Facebook: https://www.facebook.com/SonyMusicSouth
Join our WhatsApp broadcast channel https://whatsapp.com/channel/0029VaAThD53GJOwZNFUJZ3B
Join Our Instagram broadcast channel https://ig.me/j/Abal-auA3Y5L6OtV/",https://i.ytimg.com/vi/8NiMCt2o-uQ/default.jpg,120,90,https://i.ytimg.com/vi/8NiMCt2o-uQ/mqdefault.jpg,320,180,https://i.ytimg.com/vi/8NiMCt2o-uQ/hqdefault.jpg,480,360,https://i.ytimg.com/vi/8NiMCt2o-uQ/sddefault.jpg,640,480,Sony Music Malayalam,"['malayalam film songs', 'malayalam movie songs', 'malayalam video songs', 'malayalam film video songs', 'popular malayalam songs', 'Latest Malayalam Songs', 'malayalam songs', 'malayalam music', 'sony music malayalam', 'south indian songs', 'trending malayalam songs', 'malayalam latest video songs', 'classic malayalam songs', 'new malayalam songs', 'latest malayalam movie songs', 'malayalam trailer', 'malayalam song lyrics', 'malayalam karaoke songs']",10,none,en,Khalifa Trailer - Prithviraj Sukumaran | Vysakh | Jinu V Abhraham | Jakes Bejoy,"KHALIFA TRAILER

Directed by: Vysakh
Banner: Jiinu Abraham Innovation
Produced by: Jinu V. Abhraham, Suraj Kumar
Written by: Jinu V. Abhraham
Co-Producer: Sijo Sebastian, Sreelal Soolapani 
Director of Photography: Jomon T. John ISC
Music: Jakes Bejoy 
Editor: Chaman Chakko
Production Designer: Mohandas
Action Directors: Yannick Ben, Chethan D’Souza, Phoenix Prabhu
Co-Director: Suresh Diwakar
Costumes: Mashar Hamsa
Art Direction: Viswanath Aravind
Make-up: Amal Chandran
Sound Design: Sync Cinema
Final Mix: M. R. Rajakrishnan
Production Controllers: Rinny Diwakar, Vinosh Kaimal
Colorist: Srik Varier
DI: Colour Planet
VFX: 3DOORS, I-VFX, DIGIBRICKS VFX, PICTORIAL FX
Promotions: Vipin Kumar POFFACTIO
Stills: Sinat Xavier
Poster Design: Aesthetic Kunjamma

Music Composed, Arranged and Produced by JAKES BEJOY

Music Produced by: JAKES BEJOY, JOEL JOHNS, AGASTYA RAAG

Additional Production: K C BALASARANGAN, ABY TOM CYRIAC, DHANUSH HARSHA

Additional Rhythm Production: HUBERTMARAN 

Backing Vocals: SRUTHY SIVADAS, NEETHUSHA A C, SONY MOHAN, JERIN ANNA JOHN, 
AMAL C AJITH, MILAN JOY, AKASH V H, JOEL JOHNS 

Guitars: ANURAG RAJEEV NAYAN

Mixed and Mastered by MIDHUN ANAND at Mindscore Studios 
Assisted by UNMESH UNNIKRISHNAN

Session Arranged & Managed by: SAJIN SAM, KHALID NAJ

Project Manager: AADI MANVIN
Mindscore Manager: DON VINCENT  

Recording Studios:
Mindscore Studios, Cochin
M Lounge, Cochin

Engineered by:
MIDHUN ANAND
UNMESH UNNIKRISHNAN
AMAL RAJ

Artist Co-ordination: K D VINCENT, DON VINCENT

Music Marketing Head: VIPIN KUMAR

Music Label - Sony Music Entertainment India Pvt. Ltd.

© 2026 Sony Music Entertainment India Pvt. Ltd.

Subscribe Now: http://bit.ly/SonyMusicSouthVevo
Subscribe Now:https://bit.ly/SonyMusicMalayalamOfficial
Subscribe Now: http://bit.ly/SonyMusicSouthYT
Follow us: https://www.instagram.com/sonymusic_south/
Follow us: Twitter: https://twitter.com/SonyMusicSouth
Like us: Facebook: https://www.facebook.com/SonyMusicSouth
Join our WhatsApp broadcast channel https://whatsapp.com/channel/0029VaAThD53GJOwZNFUJZ3B
Join Our Instagram broadcast channel https://ig.me/j/Abal-auA3Y5L6OtV/",en,PT2M38S,2d,hd,true,True,rectangular,4002981,101135,0,5142,https://i.ytimg.com/vi/8NiMCt2o-uQ/maxresdefault.jpg,1280.0,720.0,,
youtube#video,mgjd3mtkwsG4CGTMTCLAS7h5bPA,L-Az6_o6yJw,2026-08-19T07:30:34Z,UCPjaNv8GlIamrxCbqincG_g,I MADE EVERY GOD ARMOUR IN MINECRAFT😱| Fleet Kingdom,"I hope you enjoyed the video if you did Please Do Subscribe For New Videos, like & share. 🤗❤️️


Copyright Disclaimer under section 107 of the Copyright Act of 1976, allowance is made for “fair use” for purposes such as criticism, comment, news reporting, teaching, scholarship, education, and research.

Fair use is a use permitted by copyright statutes that might otherwise be infringing.",https://i.ytimg.com/vi/L-Az6_o6yJw/default.jpg,120,90,https://i.ytimg.com/vi/L-Az6_o6yJw/mqdefault.jpg,320,180,https://i.ytimg.com/vi/L-Az6_o6yJw/hqdefault.jpg,480,360,https://i.ytimg.com/vi/L-Az6_o6yJw/sddefault.jpg,640,480,Anshu Bisht,"['minecraft gameplay in hindi', 'minecraft gameplay', 'minecraft in hindi gameplay', 'minecraft', 'survival', 'minecraft hindi gaming', 'live insaan', 'gamerfleet', 'techno gamerz', 'minecraft bedrock', 'minecraft android gameplay', 'anshu bisht', 'smartypie', 'yessmartypie', 'ujjwal', 'herobrine smp', 'funny minecraft video', 'smp india', 'fleet smp', 'anshu bisht smp', 'barbarian king', 'jack bhaiya', 'Herobrine fleet smp', 'oneblock 100 days', '100 DAYS MINECRAFT', 'Hardcore Minecraft', 'gamerfleet survival world', 'fleet kingdom']",20,none,en,I MADE EVERY GOD ARMOUR IN MINECRAFT😱| Fleet Kingdom,"I hope you enjoyed the video if you did Please Do Subscribe For New Videos, like & share. 🤗❤️️


Copyright Disclaimer under section 107 of the Copyright Act of 1976, allowance is made for “fair use” for purposes such as criticism, comment, news reporting, teaching, scholarship, education, and research.

Fair use is a use permitted by copyright statutes that might otherwise be infringing.",hi,PT1H30M38S,2d,hd,false,True,rectangular,756991,51406,0,3968,https://i.ytimg.com/vi/L-Az6_o6yJw/maxresdefault.jpg,1280.0,720.0,,
youtube#video,hW1Btr-ODa19pDFxN0f5mThEDas,_NX9_GeYWJY,2026-08-17T05:00:47Z,UCJYFRKuxVmvAIUFJqYlafiA,VIDEO | गोली चोली पर चलतौ - Rajeev Yadav - Khushi Kakkar - Goli Choli Par Chaltau - Magahi Song 2026,"#golicholipechlato #rajeev #choli
Video | गोली चोली पर चलतौ - Rajeev Yadav - Khushi Kakkar - Goli Choli Par Chaltau - Magahi Song 2026

► Album :- गोली चोली पर चलतौ 
► Song :- Goli Choli Par Chaltau
► Singer :- Rajeev Yadav, Khushi Kakkar
► Feat :- Divya Yadav
► Lyrics :- Shantanu Singh
► Music :- Vicky Vox
► Mix/Mastring :- Ankit Ahir 8709211713
► Concept :- Sontun & Navlesh Ahiran
► Video Director :- Ashish Park
► DOP:- Bihari Bittu & Vikash Ji
► Editor :- Vicky Prag
► Cheoreographer :- Deepak Ji 
► Poster Design :- Dhiraj DKT
► Label / Company :- Dic Bhojpuri 

►Company contact : 97979 75137
► Company/Label : DIC Telemedia
► Email Id : INFO@dictelemedia.com
► Office Time : AM 11:00-PM 06:00
➤Digital : Apex International Media
➤For Any Trade Enquiry Call or Whatsapp :  +91 8294050874

#choli #golicholipechlato #rajeevyadavkarhal #cholikesaman 


Goli Choli Par Chaltau, goli choli par chalta, Rajeev Yadav, गोली चोली पर चलतौ, Maghi Rangdari Song, Rajeev Yadav Original
Rajeev Yadav, Khushi Kakkar, गोली चोली पर चलतौ, rajeev yadav hit song, rajeev yadav new song, rajeev yadav, rajeev yadav new gana, rajeev yadav new maghi song, rajeev yadav new maghi gana, rajeev yadav ke naya gana, rajeev yadav maghi naya gana, new maghi song 2026, rajeev yadav new video, rajeev yadav maghi song new, rajeev yadav ka gana, rajeev yadav ke maghi song, rajeev yadav naya gana, rajeev yadav official, khushi kakkar maghi song, khushi kakkar maghi song new

rajiv yadav ke gana
goli choli pe chalta
rajeev yadav new song 2026
rajeev yadav
goli choli per chalta
rajiv yadav
choli par goli chali
bhojpuri song
rajiv yadav ka gana
goli choli par chalta
rajiv yadav ke song
goli choli per chalta hun
new maghi song 2026
bhojpuri song new
#rajeev
bhojpuri gana
goli choli picture
goli choli per chalta hai
goli choli par chaltau
gana
rajiv yadav ke gana choli wala
goli choli per chalta gana
goli choli per chalte
rajeev yadav new song
rajiv yadav ka bhojpuri song
choli per goli chali
goli choli mein chalta
bhojpuri 2026
maghi song rangdari
rajeev
choli wala gana
desi bhojpuri adda
rajiv song
rajiv yadav ke naya gana
राजीव यादव के गाना
choli per goli chal to
goli nind ki jay ho so jave sajna
maghi song 2026
choli per goli chalta
goli choli per chalta hua
new song maghi
goli choli per chalta video
rajiv yadav ke new song
goli chal javegi
rajiv yadav ke gana bhojpuri
goli chali song
rajeev yadav ke gana
choli per goli chalta hua
bhojpuri new song 2026
new gana bhojpuri
2026 bhojpuri video
new bhojpuri song
gand fatafat
goli samiyana mein chalta
magahi
video mein gana
rajiv yadav ke gana 2026
ke bhojpuri gana
choli me goli chali
goli chali choli
rajvee
rajiv yadav bhojpuri song
mohabbat
rajiv yadav ka gana bhojpuri
ashish yadav ka gana
new song maghi 2026
goli chalte choli per
chhota bheem
choli mein goli chalta
rajiv yadav new song
rajiv yadav ka new song
bhojpuri gana bhojpuri
naye ka gana bhojpuri mein
qayamat qayamat
azadi kamar nahin to goli choli per chalta
yadav
new song
choli per goli chale
rajeev yadav song new
new song. bhojpuri
bhojpuriya gana naye ka
rajiv yadav ke gana dj
bhojpuri song new 2026
choli par goli chali gopalganj
rajiv
bojpuri new song com
goli chali picture
choli mein goli chalta hun
gana dj
rajiv yadav ke
ke bhojpuri gana naya naya
bhojpuri songnew 2026
bhojpuri new song
choli per goli chalte
goli choli per chal tu
new bhojpuri
goli choli per chalta song
new song gana
goli choli p
goli choli pe chaltau
bhojpuri gana 2026 ke
choli pe chali goli
choli goli per chalta
maghi song rajeev yadav
new new song
raat mein goli chalayenge
rajeev yadav new song 2025
choli choli picture
rajeev yadav official
goli choli per chalta dj mein
song
new bhojpuri trending song
choli per goli chalta hun
choli choli choli
rajeev yadav dj
goli choli badal do
aashis
goli wala gana
new gana 2026
rajiv yadav ka gana new
rajiv yadav ka song
rajiv wala gana
गोली
rajeev yadav song
hindi gana video
राजीव यादव का गाना
goli chal to
goli choli per chalta dj
bhojpuri video
new bhojpuri song 2026
garmi movie ashish yadav
goli choli per chalta dj remix
rajeev yadav ka gana
rajiv yadav new
bhojpuri gana video mein
roshan rohi ke gana
goli chali picture ka gana
bhojpuri gana new
goli per choli
roshan rohi ka gana new
goli nind ki dava
khesari lal ke naya mein gana
music
goli choli pe chalta dj
bhojpuri movie
new gana song
birthday par goli chal javegi
roshan rohi ka gana
naya song
भोजपुरी गाना
goli choli
goli chal javegi
goli nind ki jay ho so jave sajna
goli choli pe chalta
goli chal
goli nind ki dava
goli bhatkane lagi
goli soda movie
goli nind ki dava sajna
goli song
goli nind ki
goli wala
goli nind ke liye
goli maar bheje mein bheja shor karta hai
goli choli par chalta
goli choli
goli chali 100 go
goli chali
goli choli wala
choli choli choli
goli chali song
goli goli maar ke
goli chali samiyana mein
goli chali shahar me raat
goli chali per chalta
goli chali bhari kand ho jaaye
goli chali bhajan
goli chali jayegi
goli choli per chala do
goli choli pe chalta",https://i.ytimg.com/vi/_NX9_GeYWJY/default.jpg,120,90,https://i.ytimg.com/vi/_NX9_GeYWJY/mqdefault.jpg,320,180,https://i.ytimg.com/vi/_NX9_GeYWJY/hqdefault.jpg,480,360,https://i.ytimg.com/vi/_NX9_GeYWJY/sddefault.jpg,640,480,Bhojpuri Ganna Hits - Apex,,22,none,en,VIDEO | गोली चोली पर चलतौ - Rajeev Yadav - Khushi Kakkar - Goli Choli Par Chaltau - Magahi Song 2026,"#golicholipechlato #rajeev #choli
Video | गोली चोली पर चलतौ - Rajeev Yadav - Khushi Kakkar - Goli Choli Par Chaltau - Magahi Song 2026

► Album :- गोली चोली पर चलतौ 
► Song :- Goli Choli Par Chaltau
► Singer :- Rajeev Yadav, Khushi Kakkar
► Feat :- Divya Yadav
► Lyrics :- Shantanu Singh
► Music :- Vicky Vox
► Mix/Mastring :- Ankit Ahir 8709211713
► Concept :- Sontun & Navlesh Ahiran
► Video Director :- Ashish Park
► DOP:- Bihari Bittu & Vikash Ji
► Editor :- Vicky Prag
► Cheoreographer :- Deepak Ji 
► Poster Design :- Dhiraj DKT
► Label / Company :- Dic Bhojpuri 

►Company contact : 97979 75137
► Company/Label : DIC Telemedia
► Email Id : INFO@dictelemedia.com
► Office Time : AM 11:00-PM 06:00
➤Digital : Apex International Media
➤For Any Trade Enquiry Call or Whatsapp :  +91 8294050874

#choli #golicholipechlato #rajeevyadavkarhal #cholikesaman 


Goli Choli Par Chaltau, goli choli par chalta, Rajeev Yadav, गोली चोली पर चलतौ, Maghi Rangdari Song, Rajeev Yadav Original
Rajeev Yadav, Khushi Kakkar, गोली चोली पर चलतौ, rajeev yadav hit song, rajeev yadav new song, rajeev yadav, rajeev yadav new gana, rajeev yadav new maghi song, rajeev yadav new maghi gana, rajeev yadav ke naya gana, rajeev yadav maghi naya gana, new maghi song 2026, rajeev yadav new video, rajeev yadav maghi song new, rajeev yadav ka gana, rajeev yadav ke maghi song, rajeev yadav naya gana, rajeev yadav official, khushi kakkar maghi song, khushi kakkar maghi song new

rajiv yadav ke gana
goli choli pe chalta
rajeev yadav new song 2026
rajeev yadav
goli choli per chalta
rajiv yadav
choli par goli chali
bhojpuri song
rajiv yadav ka gana
goli choli par chalta
rajiv yadav ke song
goli choli per chalta hun
new maghi song 2026
bhojpuri song new
#rajeev
bhojpuri gana
goli choli picture
goli choli per chalta hai
goli choli par chaltau
gana
rajiv yadav ke gana choli wala
goli choli per chalta gana
goli choli per chalte
rajeev yadav new song
rajiv yadav ka bhojpuri song
choli per goli chali
goli choli mein chalta
bhojpuri 2026
maghi song rangdari
rajeev
choli wala gana
desi bhojpuri adda
rajiv song
rajiv yadav ke naya gana
राजीव यादव के गाना
choli per goli chal to
goli nind ki jay ho so jave sajna
maghi song 2026
choli per goli chalta
goli choli per chalta hua
new song maghi
goli choli per chalta video
rajiv yadav ke new song
goli chal javegi
rajiv yadav ke gana bhojpuri
goli chali song
rajeev yadav ke gana
choli per goli chalta hua
bhojpuri new song 2026
new gana bhojpuri
2026 bhojpuri video
new bhojpuri song
gand fatafat
goli samiyana mein chalta
magahi
video mein gana
rajiv yadav ke gana 2026
ke bhojpuri gana
choli me goli chali
goli chali choli
rajvee
rajiv yadav bhojpuri song
mohabbat
rajiv yadav ka gana bhojpuri
ashish yadav ka gana
new song maghi 2026
goli chalte choli per
chhota bheem
choli mein goli chalta
rajiv yadav new song
rajiv yadav ka new song
bhojpuri gana bhojpuri
naye ka gana bhojpuri mein
qayamat qayamat
azadi kamar nahin to goli choli per chalta
yadav
new song
choli per goli chale
rajeev yadav song new
new song. bhojpuri
bhojpuriya gana naye ka
rajiv yadav ke gana dj
bhojpuri song new 2026
choli par goli chali gopalganj
rajiv
bojpuri new song com
goli chali picture
choli mein goli chalta hun
gana dj
rajiv yadav ke
ke bhojpuri gana naya naya
bhojpuri songnew 2026
bhojpuri new song
choli per goli chalte
goli choli per chal tu
new bhojpuri
goli choli per chalta song
new song gana
goli choli p
goli choli pe chaltau
bhojpuri gana 2026 ke
choli pe chali goli
choli goli per chalta
maghi song rajeev yadav
new new song
raat mein goli chalayenge
rajeev yadav new song 2025
choli choli picture
rajeev yadav official
goli choli per chalta dj mein
song
new bhojpuri trending song
choli per goli chalta hun
choli choli choli
rajeev yadav dj
goli choli badal do
aashis
goli wala gana
new gana 2026
rajiv yadav ka gana new
rajiv yadav ka song
rajiv wala gana
गोली
rajeev yadav song
hindi gana video
राजीव यादव का गाना
goli chal to
goli choli per chalta dj
bhojpuri video
new bhojpuri song 2026
garmi movie ashish yadav
goli choli per chalta dj remix
rajeev yadav ka gana
rajiv yadav new
bhojpuri gana video mein
roshan rohi ke gana
goli chali picture ka gana
bhojpuri gana new
goli per choli
roshan rohi ka gana new
goli nind ki dava
khesari lal ke naya mein gana
music
goli choli pe chalta dj
bhojpuri movie
new gana song
birthday par goli chal javegi
roshan rohi ka gana
naya song
भोजपुरी गाना
goli choli
goli chal javegi
goli nind ki jay ho so jave sajna
goli choli pe chalta
goli chal
goli nind ki dava
goli bhatkane lagi
goli soda movie
goli nind ki dava sajna
goli song
goli nind ki
goli wala
goli nind ke liye
goli maar bheje mein bheja shor karta hai
goli choli par chalta
goli choli
goli chali 100 go
goli chali
goli choli wala
choli choli choli
goli chali song
goli goli maar ke
goli chali samiyana mein
goli chali shahar me raat
goli chali per chalta
goli chali bhari kand ho jaaye
goli chali bhajan
goli chali jayegi
goli choli per chala do
goli choli pe chalta",hi,PT8M21S,2d,hd,false,True,rectangular,184778,582,0,3,https://i.ytimg.com/vi/_NX9_GeYWJY/maxresdefault.jpg,1280.0,720.0,,
youtube#video,BRFmVlO79JS3XB4AzUkpOXmUVkE,wQAXX0y86Ko,2026-08-20T03:15:57Z,UCIihexFQucy1Sm7V7yvL_mA,Toxic English Trailer Review | Yogi Bolta Hai,"Toxic English Trailer Review by Yogi Bolta Hai 
Toxic English Trailer Review
Toxic Trailer Review
Toxic Trailer 
Toxic 
Toxic English Trailer 
Toxic Movie
Toxic Trailer Review in HIndi
Yogi Bolta Hai

#ToxicTheMovie #ToxicTrailer #ToxicTrailerReview #RockingStarYash #Toxic #DaddyIsHome #ToxicTrailer #ToxicAFairyTale #KVNProductions #GeetuMohandas #MonsterMindCreations #Yash #RaviBasrur #KiaraAdvani #Nayanthara #HumaQureshi #RukminiVasanth #TaraSutaria #YogiBoltaHai

Toxic, Toxic Trailer, Toxic Trailer Review, Rocking Star Yash, Yash, KVN Productions, Geetu Mohandas, Monster Mind Creations, Kiara Advani, Nayanthara, Huma Qureshi, Tara Sutaria, Rukmini Vasanth, Ravi Basrur, ladies and Ladies, Action Thriller Film, Hindi Language Film, Kannada Language Film, Yash Movie, New Movie, Review, Teaser, Trailer, New Teaser, New Trailer, Teaser Review, Yogi Bolta Hai,

Follow Yogi on 
Instagram - https://www.instagram.com/yogirokde 
WhatsApp - https://whatsapp.com/channel/0029Va96lzCEquiOrsmlXX2y  
Tweeter - https://twitter.com/yogirokde

Created with Max Studios: maxstudios.help@gmail.com

Note: - All Images, Pictures, Music used in the video belongs to the respected owners.

Disclaimer: - This channel DOES NOT promote or encourage any illegal activities. All content provided by this channel is meant for EDUCATIONAL and INFORMATIONAL PURPOSE only. 

Copyright Disclaimer: - Under section 107 of the copyright Act 1976, allowance is made for FAIR USE for purpose such as criticism, comment, news reporting, teaching, scholarship and research. Fair use is a use permitted by copyright statues that might otherwise be infringing. Non- Profit, educational or personal use tips the balance in favor of FAIR USE.

Channel Disclaimer – Yogi Bolta Hai is the FILM REVIEW channel dedicated to Review Films, Web Series, Songs, and Trailers. Yogi Bolta Hai channel sometimes use Film Clips, TV series Clips, Web Series Clips, Animation Series Clips to explain about the Film, Web Series, Trailers and Songs, but all under section 107 of the copyright Act 1976, allowance is made for FAIR USE for purpose such as criticism, comment, news reporting, teaching, scholarship and research.",https://i.ytimg.com/vi/wQAXX0y86Ko/default.jpg,120,90,https://i.ytimg.com/vi/wQAXX0y86Ko/mqdefault.jpg,320,180,https://i.ytimg.com/vi/wQAXX0y86Ko/hqdefault.jpg,480,360,https://i.ytimg.com/vi/wQAXX0y86Ko/sddefault.jpg,640,480,YOGI BOLTA HAI,"['Toxic', 'Toxic Trailer', 'Toxic Trailer Review', 'Rocking Star Yash', 'Yash', 'KVN Productions', 'Geetu Mohandas', 'Monster Mind Creations', 'Kiara Advani', 'Nayanthara', 'Huma Qureshi', 'Tara Sutaria', 'Rukmini Vasanth', 'Ravi Basrur', 'ladies and Ladies', 'Action Thriller Film', 'Hindi Language Film', 'Kannada Language Film', 'Yash Movie', 'New Movie', 'Review', 'Teaser', 'Trailer', 'New Teaser', 'New Trailer', 'Teaser Review', 'Yogi Bolta Hai']",24,none,en,Toxic English Trailer Review | Yogi Bolta Hai,"Toxic English Trailer Review by Yogi Bolta Hai 
Toxic English Trailer Review
Toxic Trailer Review
Toxic Trailer 
Toxic 
Toxic English Trailer 
Toxic Movie
Toxic Trailer Review in HIndi
Yogi Bolta Hai

#ToxicTheMovie #ToxicTrailer #ToxicTrailerReview #RockingStarYash #Toxic #DaddyIsHome #ToxicTrailer #ToxicAFairyTale #KVNProductions #GeetuMohandas #MonsterMindCreations #Yash #RaviBasrur #KiaraAdvani #Nayanthara #HumaQureshi #RukminiVasanth #TaraSutaria #YogiBoltaHai

Toxic, Toxic Trailer, Toxic Trailer Review, Rocking Star Yash, Yash, KVN Productions, Geetu Mohandas, Monster Mind Creations, Kiara Advani, Nayanthara, Huma Qureshi, Tara Sutaria, Rukmini Vasanth, Ravi Basrur, ladies and Ladies, Action Thriller Film, Hindi Language Film, Kannada Language Film, Yash Movie, New Movie, Review, Teaser, Trailer, New Teaser, New Trailer, Teaser Review, Yogi Bolta Hai,

Follow Yogi on 
Instagram - https://www.instagram.com/yogirokde 
WhatsApp - https://whatsapp.com/channel/0029Va96lzCEquiOrsmlXX2y  
Tweeter - https://twitter.com/yogirokde

Created with Max Studios: maxstudios.help@gmail.com

Note: - All Images, Pictures, Music used in the video belongs to the respected owners.

Disclaimer: - This channel DOES NOT promote or encourage any illegal activities. All content provided by this channel is meant for EDUCATIONAL and INFORMATIONAL PURPOSE only. 

Copyright Disclaimer: - Under section 107 of the copyright Act 1976, allowance is made for FAIR USE for purpose such as criticism, comment, news reporting, teaching, scholarship and research. Fair use is a use permitted by copyright statues that might otherwise be infringing. Non- Profit, educational or personal use tips the balance in favor of FAIR USE.

Channel Disclaimer – Yogi Bolta Hai is the FILM REVIEW channel dedicated to Review Films, Web Series, Songs, and Trailers. Yogi Bolta Hai channel sometimes use Film Clips, TV series Clips, Web Series Clips, Animation Series Clips to explain about the Film, Web Series, Trailers and Songs, but all under section 107 of the copyright Act 1976, allowance is made for FAIR USE for purpose such as criticism, comment, news reporting, teaching, scholarship and research.",zxx,PT3M36S,2d,hd,false,True,rectangular,301540,12384,0,353,https://i.ytimg.com/vi/wQAXX0y86Ko/maxresdefault.jpg,1280.0,720.0,,
youtube#video,mnJGVtyLl7WSczamxWHOEwJvq-o,mFoaalFEt2E,2026-08-20T09:37:53Z,UCUgA8t4DaUt50fvL79oF5wA,FIRE V/S ICE ELEMENTAL IN RIVALS ROBLOX !!,"FIRE V/S ICE ELEMENTAL IN RIVALS ROBLOX !!

Join My Insta Channel To Play With Me in Roblox 😁- https://www.instagram.com/channel/AbaOoDPzJPC9ODxK/
Instagram - https://www.instagram.com/shivang_ranjan41/

Discord link - https://discord.gg/yX2czxauUz

Join Roblox group - https://www.roblox.com/groups/33601089/Mini-Army41#!/about


Contact Email - Shivangminibusiness41@gmail.com",https://i.ytimg.com/vi/mFoaalFEt2E/default.jpg,120,90,https://i.ytimg.com/vi/mFoaalFEt2E/mqdefault.jpg,320,180,https://i.ytimg.com/vi/mFoaalFEt2E/hqdefault.jpg,480,360,https://i.ytimg.com/vi/mFoaalFEt2E/sddefault.jpg,640,480,Shivang Mini,"['roblox', 'shivang mini', 'roblox hindi', 'gaming with shivang 2.0', 'roblox gaming', 'Shivang mini', 'eat your friend', 'roblox shivang mini', 'tung tung tung sahur', 'PRETENDING TO BE A NOOB', 'usa', 'caylus blox', 'I PLAYED CRICKET IN ROBLOX !!', 'HACK VAULTS FOR BRAINROT IN ROBLOX !!', 'EVOLVE CLONES FOR BRAINROT IN ROBLOX !!', 'ROBLOX +1 WEAPON EVOLUTION !!', '+1 GODZILLA EVOLUTION IN ROBLOX !!', 'I BECAME CAT IN +1 KEYBOARD ROBLOX !!', 'FIRE V/S ICE ELEMENTAL IN RIVALS ROBLOX !!']",20,none,en,FIRE V/S ICE ELEMENTAL IN RIVALS ROBLOX !!,"FIRE V/S ICE ELEMENTAL IN RIVALS ROBLOX !!

Join My Insta Channel To Play With Me in Roblox 😁- https://www.instagram.com/channel/AbaOoDPzJPC9ODxK/
Instagram - https://www.instagram.com/shivang_ranjan41/

Discord link - https://discord.gg/yX2czxauUz

Join Roblox group - https://www.roblox.com/groups/33601089/Mini-Army41#!/about


Contact Email - Shivangminibusiness41@gmail.com",hi,PT24M13S,2d,hd,false,True,rectangular,135811,4801,0,4764,https://i.ytimg.com/vi/mFoaalFEt2E/maxresdefault.jpg,1280.0,720.0,,
youtube#video,TEJDMeLjr0-auM-FBVss3HFgwuQ,7KpwlP7SFnw,2026-08-16T12:30:02Z,UCjHUNcqsrWi-0NmRYFreOEQ,Allah Kare Dil Na Lage (Official Full Video) | Andaaz | Akshay & Priyanka | Sonu Nigam | Alka Yagnik,"“Allah Kare Dil Na Lage” beautifully captures the emotions of love, longing and the pain of being away from someone special. Featuring Akshay Kumar and Priyanka Chopra, this memorable melody from movie Andaaz

Movie: Andaaz (2003)
Song: Allah Kare Dil Na Lage
Starring: Akshay Kumar, Lara Dutta, and Priyanka Chopra
Singers: Sonu Nigam, Alka Yagnik
Music: Nadeem Shravan
Lyrics: Sameer
Produced by Suneel Darshan
Production & Worldwide Copyrights - Shree Krishna International, India.

Lyrics:
ये प्यार तो है एक धोखा, इसके लिए मैंने दिल को रोका
ये प्यार तो है एक धोखा, इसके लिए मैंने दिल को रोका
हम जिसमें मरे वो भी हमपे मारे, सोच के रात भर हम जागे
अल्लाह करे दिल ना लगे किसी, अल्लाह करे दिल ना लगे किसी से
अल्लाह करे दिल ना लगे किसी से, अल्लाह करे दिल ना लगे किसी से

बड़ा सीधा सादा, बड़ा भोला भला
है सब से जुदा वो दीवाना मेरा
अभी फसल है, मगर ये पता है
हकीकत बनेगा फसाना मेरे
बड़े जोश में है, ना हम होश में हैं
संभालो हमें हम बहकने लगे
बताएंगे तो कैसे, छुआ तुमने ऐसे
तो हम बांके खुशबू महकने लगे
इश्क तो है हवाओं का झोका, इस लिए दिल को रोका
इश्क तो है हवाओं का झोका, इस के लिए दिल को रोका
हम जिसके मारे वो भी हमपे मारे, सोच के रात भर हम जागे
अल्लाह करे दिल ना लगे किसी से, अल्लाह करे दिल ना लगे किसी से
अल्लाह करे दिल ना लगे किसी, अल्लाह करे दिल ना लगे किसी से

सुहानी डगर में, तुम्हारी नजर में
ख्यालो की दुनिया बसाएंगे हम
मोहब्बत की लड़िया, हंसी चांद घड़ियाल
सनम जिंदगी से चुराएंगे हम
सजादो ये केसु, चुरालो ये खुशबू
मुझे बाजुओं में छुपालो सनम
बहारों में आके, गले से लगाके
मुझे अपनी दुल्हन बनालो सनम
इस चाहत ने हम को टोका, इस लिए मैंने दिलको रोका
इस चाहत ने हम को टोका, इस के लिए मैंने दिलको रोका
हम जिसके मारे वो भी हमपे मारे, सोच के रात भर हम जागे
अल्लाह करे दिल ना लगे किसी से, अल्लाह करे दिल ना लगे किसी से
अल्लाह करे दिल ना लगे किसी से, अल्लाह करे दिल ना लगे किसी से


#AllahKareDilNaLage #Andaaz #AkshayKumar #PriyankaChopra #KumarSanu #AlkaYagnik #NadeemShravan #Sameer #LoveSong #RomanticSong #HeartTouchingSong #BollywoodSongs #HindiSongs #evergreensongs",https://i.ytimg.com/vi/7KpwlP7SFnw/default.jpg,120,90,https://i.ytimg.com/vi/7KpwlP7SFnw/mqdefault.jpg,320,180,https://i.ytimg.com/vi/7KpwlP7SFnw/hqdefault.jpg,480,360,https://i.ytimg.com/vi/7KpwlP7SFnw/sddefault.jpg,640,480,Shree Krishna International,"['allah kare dil na lage', 'allah kare dil na lage kisi se', 'allah kare dil na lage Song', 'Allah Kare', 'Allah Kare Dil Na Lage Video Song', 'allah kare dil na lage gana', 'sonu nigam songs', 'allah kare dil na lag andaaz song', 'Andaaz song', 'Andaaz', 'andaaz songs', 'alka yagnik songs', 'andaaz full songs', 'andaaz movie songs', 'allah kare dil na lage kisi se song', 'akshay kumar songs', 'udit narayan songs', 'romantic songs', 'love songs', 'old hindi songs', 'bollywood songs']",24,none,hi,Allah Kare Dil Na Lage (Official Full Video) | Andaaz | Akshay & Priyanka | Sonu Nigam | Alka Yagnik,"“Allah Kare Dil Na Lage” beautifully captures the emotions of love, longing and the pain of being away from someone special. Featuring Akshay Kumar and Priyanka Chopra, this memorable melody from movie Andaaz

Movie: Andaaz (2003)
Song: Allah Kare Dil Na Lage
Starring: Akshay Kumar, Lara Dutta, and Priyanka Chopra
Singers: Sonu Nigam, Alka Yagnik
Music: Nadeem Shravan
Lyrics: Sameer
Produced by Suneel Darshan
Production & Worldwide Copyrights - Shree Krishna International, India.

Lyrics:
ये प्यार तो है एक धोखा, इसके लिए मैंने दिल को रोका
ये प्यार तो है एक धोखा, इसके लिए मैंने दिल को रोका
हम जिसमें मरे वो भी हमपे मारे, सोच के रात भर हम जागे
अल्लाह करे दिल ना लगे किसी, अल्लाह करे दिल ना लगे किसी से
अल्लाह करे दिल ना लगे किसी से, अल्लाह करे दिल ना लगे किसी से

बड़ा सीधा सादा, बड़ा भोला भला
है सब से जुदा वो दीवाना मेरा
अभी फसल है, मगर ये पता है
हकीकत बनेगा फसाना मेरे
बड़े जोश में है, ना हम होश में हैं
संभालो हमें हम बहकने लगे
बताएंगे तो कैसे, छुआ तुमने ऐसे
तो हम बांके खुशबू महकने लगे
इश्क तो है हवाओं का झोका, इस लिए दिल को रोका
इश्क तो है हवाओं का झोका, इस के लिए दिल को रोका
हम जिसके मारे वो भी हमपे मारे, सोच के रात भर हम जागे
अल्लाह करे दिल ना लगे किसी से, अल्लाह करे दिल ना लगे किसी से
अल्लाह करे दिल ना लगे किसी, अल्लाह करे दिल ना लगे किसी से

सुहानी डगर में, तुम्हारी नजर में
ख्यालो की दुनिया बसाएंगे हम
मोहब्बत की लड़िया, हंसी चांद घड़ियाल
सनम जिंदगी से चुराएंगे हम
सजादो ये केसु, चुरालो ये खुशबू
मुझे बाजुओं में छुपालो सनम
बहारों में आके, गले से लगाके
मुझे अपनी दुल्हन बनालो सनम
इस चाहत ने हम को टोका, इस लिए मैंने दिलको रोका
इस चाहत ने हम को टोका, इस के लिए मैंने दिलको रोका
हम जिसके मारे वो भी हमपे मारे, सोच के रात भर हम जागे
अल्लाह करे दिल ना लगे किसी से, अल्लाह करे दिल ना लगे किसी से
अल्लाह करे दिल ना लगे किसी से, अल्लाह करे दिल ना लगे किसी से


#AllahKareDilNaLage #Andaaz #AkshayKumar #PriyankaChopra #KumarSanu #AlkaYagnik #NadeemShravan #Sameer #LoveSong #RomanticSong #HeartTouchingSong #BollywoodSongs #HindiSongs #evergreensongs",zxx,PT5M,2d,hd,false,True,rectangular,933120,2917,0,33,https://i.ytimg.com/vi/7KpwlP7SFnw/maxresdefault.jpg,1280.0,720.0,,
youtube#video,EOOjN-YW9boRMMIo41VuVprt7Mc,X1aFkAkFASk,2026-08-15T04:06:21Z,UCvC4D8onUfXzvjTOM-dBfEA,Avengers: Doomsday | Special Look | In Theaters December 18,"He used to be different.
 
Avengers: Doomsday arrives in theaters everywhere December 18. Get your tickets now: fandango.com/avengersdoomsday 

► SUBSCRIBE to the channel to get notified when new Marvel videos are posted: https://www.youtube.com/marvel?sub_confirmation=1

► SUBSCRIBE to Disney+ to stream all of your favorite Marvel shows and movies: https://www.disneyplus.com/

Follow on social media to get the latest news and announcements from Marvel:

TikTok: https://www.tiktok.com/@marvel
Instagram: https://www.instagram.com/marvel
Facebook: https://www.facebook.com/Marvel
X: https://x.com/marvel

Experience more stories by subscribing: 

@Disney 
@StarWars 
@pixar 
@disneyplus",https://i.ytimg.com/vi/X1aFkAkFASk/default.jpg,120,90,https://i.ytimg.com/vi/X1aFkAkFASk/mqdefault.jpg,320,180,https://i.ytimg.com/vi/X1aFkAkFASk/hqdefault.jpg,480,360,https://i.ytimg.com/vi/X1aFkAkFASk/sddefault.jpg,640,480,Marvel Entertainment,"['marvel', 'comics']",24,none,en,Avengers: Doomsday | Special Look | In Theaters December 18,"He used to be different.
 
Avengers: Doomsday arrives in theaters everywhere December 18. Get your tickets now: fandango.com/avengersdoomsday 

► SUBSCRIBE to the channel to get notified when new Marvel videos are posted: https://www.youtube.com/marvel?sub_confirmation=1

► SUBSCRIBE to Disney+ to stream all of your favorite Marvel shows and movies: https://www.disneyplus.com/

Follow on social media to get the latest news and announcements from Marvel:

TikTok: https://www.tiktok.com/@marvel
Instagram: https://www.instagram.com/marvel
Facebook: https://www.facebook.com/Marvel
X: https://x.com/marvel

Experience more stories by subscribing: 

@Disney 
@StarWars 
@pixar 
@disneyplus",en,PT2M10S,2d,hd,true,True,rectangular,31355626,1295618,0,57396,https://i.ytimg.com/vi/X1aFkAkFASk/maxresdefault.jpg,1280.0,720.0,,
youtube#video,vif0u_D419qn004StddrQeE8sWU,2I_SZq_vkHg,2026-08-20T10:08:54Z,UC9fpAQPR4sWOlCtARTETadQ,I Become Spiderman to Troll Friends in Roblox..,"in this video i we are becoming spiderman and evolving..

#carrydepie 
#roblox",https://i.ytimg.com/vi/2I_SZq_vkHg/default.jpg,120,90,https://i.ytimg.com/vi/2I_SZq_vkHg/mqdefault.jpg,320,180,https://i.ytimg.com/vi/2I_SZq_vkHg/hqdefault.jpg,480,360,https://i.ytimg.com/vi/2I_SZq_vkHg/sddefault.jpg,640,480,Karry Mini,"['carry depie', 'roblox']",20,none,en,I Become Spiderman to Troll Friends in Roblox..,"in this video i we are becoming spiderman and evolving..

#carrydepie 
#roblox",hi,PT10M26S,2d,hd,false,True,rectangular,83824,1577,0,146,https://i.ytimg.com/vi/2I_SZq_vkHg/maxresdefault.jpg,1280.0,720.0,,
youtube#video,-bLH2Pi1uOI9NVfF_Yshr_DN6rE,cro9lotnsAk,2026-08-16T12:38:29Z,UCZ7T83rZ4bj-uthEF5v3XPA,Pucho Zara Pucho | Raja Hindustani | Aamir Khan | Karisma Kapoor | Alka Yagnik | Kumar Sanu,"Pucho Zara Pucho | Raja Hindustani | Aamir Khan | Karisma Kapoor | Alka Yagnik | Kumar Sanu
 
Pucho Zara Pucho | Raja Hindustani | Aamir Khan | Karisma Kapoor | Alka Yagnik | Kumar Sanu

Song Credits:
Singer(s): Alka Yagnik, Kumar Sanu
Music Director: Nadeem & Shravan
Lyricist: Sameer

Movie Cast & Crew:
Producer: Tips Films, Karim Morani. Ali Morani & Bunty Soorma
Director: Dharmesh Darshan
Cast: Aamir Khan, Karisma Kapoor, Suresh Oberoi, Archana Puran Singh & Johnny Lever

Song Lyrics:

Puchho Zara Puchho Mujhe Kya Huva Hai
Kaisi Bekaaraari Hai Ye Kaisa Nasha Hai
Tumase Dil Lagaane Ki Saza Hai
Rajaaji Tumse Dil Lagaane Ki Saza Hai
Puchho Zara Puchho Mujhe Kya Hua Hai
Kaisi Bekaaraari Hai Ye Kaisa Nasha Hai... 
Puchho Zara Puchho Mujhe Kya Hua Hai
Kaisi Bekaaraari Hai Ye Kaisa Nasha Hai... 
Tum Se Dil Lagaane Ki Saza Hai..
Tum Se Dil Lagaane Ki Saza Hai..
Rootha Hai Kyon Raja Kyon Mujhse Khafa Hai
Kaisi Berukhi Hai Mere Dil Ko Pata Hai
Tum Se Dil Lagaane Ki Saza Hai... 
Tum Se Dil Lagaane Ki Saza Hai... 

Kaante Ho Ya Kaliyaan Ho Bas Mehboob Ki Galiyaan Ho
Saath Tumhaare Chalana Hai Ishq Ki Aag Mein Jalana Hai
Chir Ke Dekho Dil Mera Ispe Likha Hai Naam Tera
Deewaanagi Kya Cheez Hai Deewaano Ko Bas Hai Pata
Puchho Zara Puchho Mujhe Kya Hua Hai
Kaisi Bekaaraari Hai Ye Kaisa Nasha Hai
Tum Se Dil Lagaane Ki Saza Hai... 
Tum Se Dil Lagaane Ki Saza Hai... 

Chhod Ke Tumako Kidhar Jaayein Hum To Tere Bin Marr Jaayein
Ji Karata Kuchh Kar Jaayein Pyaar Mein Had Se Guzar Jaayein
Hum Wo Nahi Jo Darr Jaayein Waada Karake Mookar Jaayein
Is Pyaar Ka Takraar Ka Chaahat Ka Hai Apana Maza
Puchho Zara Puchho Mujhe Kya Huva Hai
Kaisi Bekaaraari Hai Ye Kaisa Nasha Hai
Tumse Dil Lagaane Ki Saza Hai... 
Tumse Dil Lagaane Ki Saza Hai... 
Puchho Zara Puchho Mujhe Kya Hua Hai
Kaisi Bekaaraari Hai Ye Kaisa Nasha Hai
Tum Se Dil Lagaane Ki Saza Hai... 
Tum Se Dil Lagaane Ki Saza Hai.",https://i.ytimg.com/vi/cro9lotnsAk/default.jpg,120,90,https://i.ytimg.com/vi/cro9lotnsAk/mqdefault.jpg,320,180,https://i.ytimg.com/vi/cro9lotnsAk/hqdefault.jpg,480,360,https://i.ytimg.com/vi/cro9lotnsAk/sddefault.jpg,640,480,HindiHits24,"['pucho zara pucho', 'pucho zara pucho song', 'pucho zara pucho lyrics', 'raja hindustani', 'raja hindustani songs', 'raja hindustani movie songs', 'aamir khan', 'aamir khan songs', 'aamir khan hit songs', 'karisma kapoor', 'karisma kapoor songs', 'aamir khan karisma kapoor', 'alka yagnik', 'alka yagnik songs', 'kumar sanu', 'kumar sanu songs', 'alka yagnik kumar sanu', '90s hindi songs', '90s bollywood songs', 'evergreen hindi songs', 'old hindi songs', 'romantic hindi songs', 'bollywood romantic songs']",22,none,en,Pucho Zara Pucho | Raja Hindustani | Aamir Khan | Karisma Kapoor | Alka Yagnik | Kumar Sanu,"Pucho Zara Pucho | Raja Hindustani | Aamir Khan | Karisma Kapoor | Alka Yagnik | Kumar Sanu
 
Pucho Zara Pucho | Raja Hindustani | Aamir Khan | Karisma Kapoor | Alka Yagnik | Kumar Sanu

Song Credits:
Singer(s): Alka Yagnik, Kumar Sanu
Music Director: Nadeem & Shravan
Lyricist: Sameer

Movie Cast & Crew:
Producer: Tips Films, Karim Morani. Ali Morani & Bunty Soorma
Director: Dharmesh Darshan
Cast: Aamir Khan, Karisma Kapoor, Suresh Oberoi, Archana Puran Singh & Johnny Lever

Song Lyrics:

Puchho Zara Puchho Mujhe Kya Huva Hai
Kaisi Bekaaraari Hai Ye Kaisa Nasha Hai
Tumase Dil Lagaane Ki Saza Hai
Rajaaji Tumse Dil Lagaane Ki Saza Hai
Puchho Zara Puchho Mujhe Kya Hua Hai
Kaisi Bekaaraari Hai Ye Kaisa Nasha Hai... 
Puchho Zara Puchho Mujhe Kya Hua Hai
Kaisi Bekaaraari Hai Ye Kaisa Nasha Hai... 
Tum Se Dil Lagaane Ki Saza Hai..
Tum Se Dil Lagaane Ki Saza Hai..
Rootha Hai Kyon Raja Kyon Mujhse Khafa Hai
Kaisi Berukhi Hai Mere Dil Ko Pata Hai
Tum Se Dil Lagaane Ki Saza Hai... 
Tum Se Dil Lagaane Ki Saza Hai... 

Kaante Ho Ya Kaliyaan Ho Bas Mehboob Ki Galiyaan Ho
Saath Tumhaare Chalana Hai Ishq Ki Aag Mein Jalana Hai
Chir Ke Dekho Dil Mera Ispe Likha Hai Naam Tera
Deewaanagi Kya Cheez Hai Deewaano Ko Bas Hai Pata
Puchho Zara Puchho Mujhe Kya Hua Hai
Kaisi Bekaaraari Hai Ye Kaisa Nasha Hai
Tum Se Dil Lagaane Ki Saza Hai... 
Tum Se Dil Lagaane Ki Saza Hai... 

Chhod Ke Tumako Kidhar Jaayein Hum To Tere Bin Marr Jaayein
Ji Karata Kuchh Kar Jaayein Pyaar Mein Had Se Guzar Jaayein
Hum Wo Nahi Jo Darr Jaayein Waada Karake Mookar Jaayein
Is Pyaar Ka Takraar Ka Chaahat Ka Hai Apana Maza
Puchho Zara Puchho Mujhe Kya Huva Hai
Kaisi Bekaaraari Hai Ye Kaisa Nasha Hai
Tumse Dil Lagaane Ki Saza Hai... 
Tumse Dil Lagaane Ki Saza Hai... 
Puchho Zara Puchho Mujhe Kya Hua Hai
Kaisi Bekaaraari Hai Ye Kaisa Nasha Hai
Tum Se Dil Lagaane Ki Saza Hai... 
Tum Se Dil Lagaane Ki Saza Hai.",hi,PT5M52S,2d,hd,false,True,rectangular,204071,571,0,7,https://i.ytimg.com/vi/cro9lotnsAk/maxresdefault.jpg,1280.0,720.0,,
youtube#video,7FWYLSlO90WO-bOlL--7fsQNxxw,B9WysQte-Bs,2026-08-19T05:41:12Z,UC7NszqtDGyVuQuxUEAN_n2Q,"MANJAR | Official Teaser | Siddharth Menon, Onkar Bhojane, Tejas Raut | In Cinemas 18th Sept 2026","नावावरून अंदाज बांधला असेल…
आता teaser बघून पुन्हा विचार करा. 😏

#MANJAR — OFFICIAL TEASER OUT NOW

18th September 2026 पासून फक्त चित्रपटगृहांत!

H3O Motion Pictures & Just Right Films Present

An H3O Motions Production

Starring
Siddharth Menon | Onkar Bhojane | Tejas Raut | Bhagyashree Limaye | Sayaji Shinde | Ashwini Kalsekar | Anshuman Vichare | Vaishnavi Andhale

Directed by
Susshil Mahadev

Produced by
Harsh | Avinash Sharma | Hari Rajpoot | Bunty Nagi | Jasbeer Nagi

Written by
Susshil Mahadev & Kunal Pawar

DOP
Vilas Chavan

Music
Rohan & Rohan

Nationwide Distribution by
AA Films

Publicity Design by
Just Right Digital

MANJAR — IN CINEMAS 18TH SEPTEMBER 2026

#MANJAR #ManjarTeaser #ManjarTheFilm #MarathiCinema #MarathiFilm #MarathiComedy

Subscribe to this channel and stay tuned:
http://bit.ly/SubscribeToRajshriMarathi

Follow Us On Instagram:
https://www.instagram.com/rajshrimarathi

Regular Facebook Updates:
http://www.facebook.com/rajshrimarathi

Join Us On Twitter:
https://twitter.com/RajshriMarathi

Follow us on WhatsApp: 
https://whatsapp.com/channel/0029VacWNZv4o7qH9UHLVp2f

Snapchat Rajshri Marathi: https://www.snapchat.com/@marathishowbuz

For brand collaborations and inquiries, reach out to us at: collab@rajshri.com",https://i.ytimg.com/vi/B9WysQte-Bs/default.jpg,120,90,https://i.ytimg.com/vi/B9WysQte-Bs/mqdefault.jpg,320,180,https://i.ytimg.com/vi/B9WysQte-Bs/hqdefault.jpg,480,360,https://i.ytimg.com/vi/B9WysQte-Bs/sddefault.jpg,640,480,Rajshri Marathi,,24,none,en,"MANJAR | Official Teaser | Siddharth Menon, Onkar Bhojane, Tejas Raut | In Cinemas 18th Sept 2026","नावावरून अंदाज बांधला असेल…
आता teaser बघून पुन्हा विचार करा. 😏

#MANJAR — OFFICIAL TEASER OUT NOW

18th September 2026 पासून फक्त चित्रपटगृहांत!

H3O Motion Pictures & Just Right Films Present

An H3O Motions Production

Starring
Siddharth Menon | Onkar Bhojane | Tejas Raut | Bhagyashree Limaye | Sayaji Shinde | Ashwini Kalsekar | Anshuman Vichare | Vaishnavi Andhale

Directed by
Susshil Mahadev

Produced by
Harsh | Avinash Sharma | Hari Rajpoot | Bunty Nagi | Jasbeer Nagi

Written by
Susshil Mahadev & Kunal Pawar

DOP
Vilas Chavan

Music
Rohan & Rohan

Nationwide Distribution by
AA Films

Publicity Design by
Just Right Digital

MANJAR — IN CINEMAS 18TH SEPTEMBER 2026

#MANJAR #ManjarTeaser #ManjarTheFilm #MarathiCinema #MarathiFilm #MarathiComedy

Subscribe to this channel and stay tuned:
http://bit.ly/SubscribeToRajshriMarathi

Follow Us On Instagram:
https://www.instagram.com/rajshrimarathi

Regular Facebook Updates:
http://www.facebook.com/rajshrimarathi

Join Us On Twitter:
https://twitter.com/RajshriMarathi

Follow us on WhatsApp: 
https://whatsapp.com/channel/0029VacWNZv4o7qH9UHLVp2f

Snapchat Rajshri Marathi: https://www.snapchat.com/@marathishowbuz

For brand collaborations and inquiries, reach out to us at: collab@rajshri.com",mr,PT1M25S,2d,hd,false,True,rectangular,45068,914,0,76,https://i.ytimg.com/vi/B9WysQte-Bs/maxresdefault.jpg,1280.0,720.0,,
youtube#video,lZc6OZp1HpDf5Gy3fQOnICo7sfg,-Ku-mjcgUyY,2026-08-20T07:30:21Z,UCHciekxM6H6F3OTPrHs6B5g,THE RAILWAY CHAI WALA 😱| INDIAN HORROR GAME,"Please Subscribe For New Videos

My PC Rig (Affiliate Link)
CPU: https://link.amazon/B06Gbdu4q
GPU: https://link.amazon/B0eNIf7AR
MIC: https://link.amazon/B0gqcRyjw
MOUSE: https://link.amazon/B0gqcRyjw
KEYBOARD: https://link.amazon/B0dlsCije
MONITOR: https://link.amazon/B01dBrqRP
CAMERA: https://link.amazon/B09b8Mvru

🤗 Follow Me On Instagram: ​https://www.instagram.com/gamerfleetog/ 

I hope you enjoyed the video if you did, please like & share the video. 

Copyright Disclaimer under section 107 of the Copyright Act of 1976, allowance is made for “fair use” for purposes such as criticism, comment, news reporting, teaching, scholarship, education, and research.

Fair use is a use permitted by copyright statutes that might otherwise be infringing.",https://i.ytimg.com/vi/-Ku-mjcgUyY/default.jpg,120,90,https://i.ytimg.com/vi/-Ku-mjcgUyY/mqdefault.jpg,320,180,https://i.ytimg.com/vi/-Ku-mjcgUyY/hqdefault.jpg,480,360,https://i.ytimg.com/vi/-Ku-mjcgUyY/sddefault.jpg,640,480,NotGamerFleet,"['gamerfleet', 'herobrine smp', 'anshu bisht', 'techno gamerz', 'total gaming', 'ujjwal', 'andreobee', 'yessmarty pie', 'fleet', 'minecraft hindi', 'gamerfleet dance', 'Herobrine in ujjwal', 'herobrine smp funny', 'fleet smp anshu bisht', 'jack funny', 'horror game hindi', 'horror game', 'hindi horror gamer', 'GTA V GAMEPLAY', 'gta v gamerfleet', 'gta v anshu bisht', 'gta v full gameplay', 'forza horizon 5', 'CAR FOR SALE', 'super car sale', 'car for sale simulator', 'supra', 'MCLAREN', 'vr gameplay', 'railway chaiwala']",20,none,en,THE RAILWAY CHAI WALA 😱| INDIAN HORROR GAME,"Please Subscribe For New Videos

My PC Rig (Affiliate Link)
CPU: https://link.amazon/B06Gbdu4q
GPU: https://link.amazon/B0eNIf7AR
MIC: https://link.amazon/B0gqcRyjw
MOUSE: https://link.amazon/B0gqcRyjw
KEYBOARD: https://link.amazon/B0dlsCije
MONITOR: https://link.amazon/B01dBrqRP
CAMERA: https://link.amazon/B09b8Mvru

🤗 Follow Me On Instagram: ​https://www.instagram.com/gamerfleetog/ 

I hope you enjoyed the video if you did, please like & share the video. 

Copyright Disclaimer under section 107 of the Copyright Act of 1976, allowance is made for “fair use” for purposes such as criticism, comment, news reporting, teaching, scholarship, education, and research.

Fair use is a use permitted by copyright statutes that might otherwise be infringing.",en,PT40M19S,2d,hd,false,True,rectangular,163538,13507,0,1156,https://i.ytimg.com/vi/-Ku-mjcgUyY/maxresdefault.jpg,1280.0,720.0,,
youtube#video,VGtoBP0IpnzYo22gbJQtq0ufFbU,LxtmRwUX0rs,2026-08-17T12:45:35Z,UCkJuafTqe6PyDmadqi132Nw,"Aap Ke Pyaar Mein Hum Savarne Lage | Raaz | Dino Morea, Malini Sharma, Alka Yagnik","Aap Ke Pyaar Mein Hum Savarne Lage | Raaz | Dino Morea, Malini Sharma, Alka Yagnik 

Aap Ke Pyaar Mein Hum Savarne Lage | Raaz | Dino Morea, Malini Sharma, Alka Yagnik 

Song Credits:
Singer: Alka Yagnik
Music Director: Nadeem - Shravan
Lyricist: Sameer

Movie Cast & Crew:
Producer: Tips Films & Mahesh Bhatt
Director: Vikram Bhatt
Cast: Bipasha Basu, Dino Morea, Malini Sharma & Ashutosh Rana 

Song Lyrics:
Aap Ke Pyaar Mein
Hum Savarne Lage
Dekh Ke Aap Ko
Hum Nikhar Ne Lage
Is Kadar Aap Se
Hum Ko Mohabbat Hui
Is Kadar Aap Se
Hum Ko Mohabbat Hui
Toot Ke Baazuon Mein
Bikharne Lage
Aap Ke Pyaar Mein
Hum Sawarne Lage

Aap Jo Is Tarah Se Tadapayenge
Aise Aalam Mein Pagal Ho Jaayenge
Aap Jo Is Tarah Se Tadapayenge
Aise Aalam Mein Pagal Ho Jaayenge
Woh Mil Gaya Jiski Humein
Kab Se Talash Thi
Bechain Si In Saason Mein
Janmon Ki Pyaas Thi
Jism Se Rooh Mein
Hum Utarne Lage
Jism Se Rooh Mein
Hum Utarne Lage

Is Kadar Aap Se
Hum Ko Mohabbat Hui
Is Kadar Aap Se
Hum Ko Mohabbat Hui
Toot Ke Baazuon Mein Bikharne Lage
Aap Ke Pyaar Mein
Hum Savarne Lage

Roop Ki Aanch Se
Tann Pighal Jaayega
Aag Lag Jaayegi
Mann Machal Jaayega
Roop Ki Aanch Se
Tann Pighal Jaayega
Aag Lag Jaayegi
Mann Machal Jaayega
Yeh Lab Zara Takraye Jo
Dilbar Ke Honth Se 
Chingariyaan Udne Lagi
Shabnam Ki Chot Se
Hum Sanam Hadh Se Aage
Guzar Ne Lage
Hum Sanam Hadh Se Aage
Guzar Ne Lage
Is Kadar Aap Se Hum Ko
Mohabbat Hui
Is Kadar Aap Se Hum Ko
Mohabbat Hui
Toot Ke Baazuon Mein
Bikharne Lage
Toot Ke Baazuon Mein
Bikharne Lage
Aap Ke Pyaar Mein
Hum Sawarne Lage",https://i.ytimg.com/vi/LxtmRwUX0rs/default.jpg,120,90,https://i.ytimg.com/vi/LxtmRwUX0rs/mqdefault.jpg,320,180,https://i.ytimg.com/vi/LxtmRwUX0rs/hqdefault.jpg,480,360,https://i.ytimg.com/vi/LxtmRwUX0rs/sddefault.jpg,640,480,Bollywood Music Masala,"['aap ke pyaar mein hum savarne lage', 'aapke pyaar mein hum savarne lage', 'aap ke pyaar mein song', 'raaz', 'raaz movie songs', 'raaz 2002', 'dino morea', 'dino morea songs', 'malini sharma', 'malini sharma songs', 'dino morea malini sharma', 'alka yagnik', 'alka yagnik songs', 'alka yagnik hit songs', 'alka yagnik romantic songs', '2000s hindi songs', '2000s bollywood songs', 'bollywood romantic songs', 'hindi romantic songs', 'hindi love songs', 'love songs', 'old hindi songs', 'hindi songs', 'raaz songs']",10,none,de,"Aap Ke Pyaar Mein Hum Savarne Lage | Raaz | Dino Morea, Malini Sharma, Alka Yagnik","Aap Ke Pyaar Mein Hum Savarne Lage | Raaz | Dino Morea, Malini Sharma, Alka Yagnik 

Aap Ke Pyaar Mein Hum Savarne Lage | Raaz | Dino Morea, Malini Sharma, Alka Yagnik 

Song Credits:
Singer: Alka Yagnik
Music Director: Nadeem - Shravan
Lyricist: Sameer

Movie Cast & Crew:
Producer: Tips Films & Mahesh Bhatt
Director: Vikram Bhatt
Cast: Bipasha Basu, Dino Morea, Malini Sharma & Ashutosh Rana 

Song Lyrics:
Aap Ke Pyaar Mein
Hum Savarne Lage
Dekh Ke Aap Ko
Hum Nikhar Ne Lage
Is Kadar Aap Se
Hum Ko Mohabbat Hui
Is Kadar Aap Se
Hum Ko Mohabbat Hui
Toot Ke Baazuon Mein
Bikharne Lage
Aap Ke Pyaar Mein
Hum Sawarne Lage

Aap Jo Is Tarah Se Tadapayenge
Aise Aalam Mein Pagal Ho Jaayenge
Aap Jo Is Tarah Se Tadapayenge
Aise Aalam Mein Pagal Ho Jaayenge
Woh Mil Gaya Jiski Humein
Kab Se Talash Thi
Bechain Si In Saason Mein
Janmon Ki Pyaas Thi
Jism Se Rooh Mein
Hum Utarne Lage
Jism Se Rooh Mein
Hum Utarne Lage

Is Kadar Aap Se
Hum Ko Mohabbat Hui
Is Kadar Aap Se
Hum Ko Mohabbat Hui
Toot Ke Baazuon Mein Bikharne Lage
Aap Ke Pyaar Mein
Hum Savarne Lage

Roop Ki Aanch Se
Tann Pighal Jaayega
Aag Lag Jaayegi
Mann Machal Jaayega
Roop Ki Aanch Se
Tann Pighal Jaayega
Aag Lag Jaayegi
Mann Machal Jaayega
Yeh Lab Zara Takraye Jo
Dilbar Ke Honth Se 
Chingariyaan Udne Lagi
Shabnam Ki Chot Se
Hum Sanam Hadh Se Aage
Guzar Ne Lage
Hum Sanam Hadh Se Aage
Guzar Ne Lage
Is Kadar Aap Se Hum Ko
Mohabbat Hui
Is Kadar Aap Se Hum Ko
Mohabbat Hui
Toot Ke Baazuon Mein
Bikharne Lage
Toot Ke Baazuon Mein
Bikharne Lage
Aap Ke Pyaar Mein
Hum Sawarne Lage",hi,PT5M46S,2d,hd,false,True,rectangular,741808,2124,0,25,https://i.ytimg.com/vi/LxtmRwUX0rs/maxresdefault.jpg,1280.0,720.0,,
youtube#video,wpLCLHmr2r6uaZT4a8VtZpBfBC4,Ol6pxDh51F4,2026-08-18T04:30:23Z,UC3Y7OyuS9jNdZy3ZadrAbWQ,Things you MISSED in Avengers Doomsday Special Look Trailer (தமிழ்),"Vanakkam Makkale...Things you MISSED in Avengers Doomsday Special Look Trailer explained in tamil

Sponsors contact - sponsor.mokka@gmail.com

Join MC Faction- https://www.youtube.com/channel/UC3Y7OyuS9jNdZy3ZadrAbWQ/join

====================================================================
New Channels 
==================================================================== 
Un Signed -https://www.youtube.com/channel/UCXnDDUQyJpRfC98_ZRIuhZA
Mokkacommentry 2 - https://www.youtube.com/channel/UCMfRUWKmNyz88opPLMB0pCg


Join MokkaCommentry - https://www.youtube.com/channel/UC3Y7OyuS9jNdZy3ZadrAbWQ/join

=====================================================================
Social Media
=====================================================================
FACEBOOK     - https://www.facebook.com/MokkaComment/
INSTAGRAM -https://www.instagram.com/mokka_commentry/?hl=en

Hope you like the video and always thanks for watching

#avengersdoomsday #tamilbreakdown #tamiltrailer",https://i.ytimg.com/vi/Ol6pxDh51F4/default.jpg,120,90,https://i.ytimg.com/vi/Ol6pxDh51F4/mqdefault.jpg,320,180,https://i.ytimg.com/vi/Ol6pxDh51F4/hqdefault.jpg,480,360,https://i.ytimg.com/vi/Ol6pxDh51F4/sddefault.jpg,640,480,Mokka Commentry,"['tamil', 'தமிழ்', 'mokka commentry', 'mokka', 'trending', 'youtube tamil', 'recommended', 'tamil creator', 'Things you MISSED in Avengers Doomsday Trailer', 'avengers doomsday', 'mc doomsday trailer breakdown', 'special look', 'Things you MISSED in Avengers Doomsday Special Look Trailer']",24,none,en,Things you MISSED in Avengers Doomsday Special Look Trailer (தமிழ்),"Vanakkam Makkale...Things you MISSED in Avengers Doomsday Special Look Trailer explained in tamil

Sponsors contact - sponsor.mokka@gmail.com

Join MC Faction- https://www.youtube.com/channel/UC3Y7OyuS9jNdZy3ZadrAbWQ/join

====================================================================
New Channels 
==================================================================== 
Un Signed -https://www.youtube.com/channel/UCXnDDUQyJpRfC98_ZRIuhZA
Mokkacommentry 2 - https://www.youtube.com/channel/UCMfRUWKmNyz88opPLMB0pCg


Join MokkaCommentry - https://www.youtube.com/channel/UC3Y7OyuS9jNdZy3ZadrAbWQ/join

=====================================================================
Social Media
=====================================================================
FACEBOOK     - https://www.facebook.com/MokkaComment/
INSTAGRAM -https://www.instagram.com/mokka_commentry/?hl=en

Hope you like the video and always thanks for watching

#avengersdoomsday #tamilbreakdown #tamiltrailer",en,PT12M3S,2d,hd,false,True,rectangular,135098,9497,0,441,https://i.ytimg.com/vi/Ol6pxDh51F4/maxresdefault.jpg,1280.0,720.0,,
youtube#video,vqURcojcqurusI8DnVm11GhnmmA,HvJ7DePAIMs,2026-08-19T09:00:38Z,UCI86prlqXhbkREDMTaORvLQ,NO MORE POOPY BUSINESS | Shift At Midnight - Part 4,"I've cleaned all the shit they've thrown at me, too much work but too little income. Was it enough for my kitten mitten? 

Here is a list of all my PC specs and the things I use in my Daily Life (Amazon Affiliate link) :-  https://www.amazon.in/shop/notshubatall

Catch me Streaming Here ▶ @sshhuubb 
Twitch ▶ https://www.twitch.tv/beastboyshub

Instagram ▶ https://www.instagram.com/notshubatall/

🌟 BECOME A MEMBER 🌟 ▶
https://www.youtube.com/channel/UCI86prlqXhbkREDMTaORvLQ/join

More Cool Videos❤️ :-
Granny 5 Full Gameplay ▶ https://youtu.be/UEPT3cK5SEw
Minecraft But With Randomiser Mod ▶ https://youtu.be/dgscTvOdlVs

#bbs #shiftatmidnight #horror",https://i.ytimg.com/vi/HvJ7DePAIMs/default.jpg,120,90,https://i.ytimg.com/vi/HvJ7DePAIMs/mqdefault.jpg,320,180,https://i.ytimg.com/vi/HvJ7DePAIMs/hqdefault.jpg,480,360,https://i.ytimg.com/vi/HvJ7DePAIMs/sddefault.jpg,640,480,BeastBoyShub,"['shift at midnight', 'shift at midnight gameplay', 'shift at midnight horror game', 'shift at midnight full game', 'shift at midnight doppelganger', 'shift at midnight hindi', 'shift at midnight gameplay hindi', 'scary horror game in hindi', 'funny horror game hindi', 'indian gamer', 'shift at midnight funny moments', 'doppelganger horror game', 'coop horror game', 'scary gas station game', 'funny jumpscares', 'scariest game ever', 'indie horror games', 'hindi gaming', 'BBS SHIFT AT MIDNIGHT', 'bbs anomaly game']",20,none,en,NO MORE POOPY BUSINESS | Shift At Midnight - Part 4,"I've cleaned all the shit they've thrown at me, too much work but too little income. Was it enough for my kitten mitten? 

Here is a list of all my PC specs and the things I use in my Daily Life (Amazon Affiliate link) :-  https://www.amazon.in/shop/notshubatall

Catch me Streaming Here ▶ @sshhuubb 
Twitch ▶ https://www.twitch.tv/beastboyshub

Instagram ▶ https://www.instagram.com/notshubatall/

🌟 BECOME A MEMBER 🌟 ▶
https://www.youtube.com/channel/UCI86prlqXhbkREDMTaORvLQ/join

More Cool Videos❤️ :-
Granny 5 Full Gameplay ▶ https://youtu.be/UEPT3cK5SEw
Minecraft But With Randomiser Mod ▶ https://youtu.be/dgscTvOdlVs

#bbs #shiftatmidnight #horror",hi,PT1H13M31S,2d,hd,false,True,rectangular,388848,27880,0,2223,https://i.ytimg.com/vi/HvJ7DePAIMs/maxresdefault.jpg,1280.0,720.0,,
youtube#video,0-6rMrMN1M2ufZb2-u_IYvNNc8A,rkV7--wYUJ8,2026-08-17T10:48:13Z,UC56gTxNs4f9xZ7Pa2i5xNzg,"Toh Phir Aao - New Version | Lyric Video | Awarapan 2 | Emraan | Mithoon, Mustafa, Sayeed, Subodhh","Relive the magic of 'Toh Phir Aao - New Version' with its lyrical video from 'Awarapan 2'. Recreated and rearranged by Mithoon, sung by Subodhh Sharma, and penned by Sayeed Quadri, this melody brings back the emotions of a song that has stayed with us through the years. The original song was composed by Mustafa Zahid.

#TohPhirAaoDobara #TohPhirAao #Awarapan2 #Mithoon #SubodhhSharma #SayeedQuadri #MustafaZahid #EmraanHashmi #TohPhirAaoNewVersion

Music recreated & rearranged by Mithoon
Lyrics: Sayeed Quadri
Singer: Subodhh Sharma
Original Song Composer: Mustafa Zahid

Lyric Video Credits:
StoryTellers Inc.
Hemanshi Lalit Tank
Siddhant Singhvi

Creative Head: Anugrah
Music Production: Godswill Mergulhão
Music Asst - Anugrah, Godswill Mergulhão, Eli Rodrigues & Kaushal Gohil.
Guitars: Kalyan Baruah
World Strokes: Chintoo Singh Wasir
Additional Vocals: Abhishek Nailwal & Godswill Mergulão
Song Mixed & Mastered by Eric Pillai at Future Sound of Bombay
Asst. Mixing Engineer: Michael Edwin Pillai
Project Head (Team Mithoon) - Vijay Iyer
Music Head Vishesh Films: Rohit Saini

Starring Emraan Hashmi, Disha Patani, Shabana Azmi, Suvinder Vicky, Vijayant Kohli, Aniruddh Rawal, Atul Kumar
Vishesh Films & Mukesh Bhatt Present
A Vishesh Bhatt Production
AWARAPAN 2
Produced By Vishesh Bhatt
Directed By Nitin Kakkar
Director of Photography Vishnu Rao
Editor Devendra Murdeshwar
Production Designer Teena Paradkar
Choreographer Mudassar Khan
Theatrical Distribution Pen Marudhar

Lyrics:

Toh phir aao
Mujhko sataao
Toh phir aao
Mujhko rulaao
 
 
Phir… Ghayal huu main
Aake chhuulay mujhe
Shayad teri duaa
Bhar de zakhm mere
 
 
Toh phir aao
Mujhko sataao
Toh phir aao
Mujhko rulaao
 
 
Aa bhi jaao...
Aa bhi jaao...
Aa bhi jaao...
Aa bhi jaao...
Aa bhi jaao...
Aa bhi jaao...
Aa bhi jaao...
 
Antra
 
Ab toh saari umar ko
Mujhko yuun bhatakna hai
Ya mujhme yeh rahe zinda
Ya mujhko khatam hona hai
 
 
Toh phir aao
Mujhko sataao
Toh phir aao
Mujhko rulaao
Aa bhi jaao…

Aa bhi jaao…
Aa bhi jaao…
Aa bhi jaao…
Aa bhi jaao…
Aa bhi jaao…
Aa bhi jaao…
Aa bhi jaao…
 
Aa bhi jaao…
Aa bhi jaao…
Aa bhi jaao…
Aa bhi jaao…
Aa bhi jaao…
Aa bhi jaao…
Aa bhi jaao…
 
Audio on Sony Music Entertainment India Pvt. Ltd (C) 2026

Subscribe & Follow Sony Music India:
https://www.youtube.com/@UC56gTxNs4f9xZ7Pa2i5xNzg 
https://www.facebook.com/SonyMusicIndia 
https://www.instagram.com/sonymusicindia
https://www.snapchat.com/add/sonymusic_india
https://twitter.com/sonymusicindia",https://i.ytimg.com/vi/rkV7--wYUJ8/default.jpg,120,90,https://i.ytimg.com/vi/rkV7--wYUJ8/mqdefault.jpg,320,180,https://i.ytimg.com/vi/rkV7--wYUJ8/hqdefault.jpg,480,360,https://i.ytimg.com/vi/rkV7--wYUJ8/sddefault.jpg,640,480,Sony Music India,"['sony music india', 'toh phir aao', 'toh phir aao song', 'toh phir aao dobara', 'toh phir aao 2.0', 'toh phir aao remix', 'toh phir aao full song', 'awarapan 2 songs', 'toh phir aao status', 'latest hindi songs', 'awarapan', 'toh phir aao 2.0 song', 'hindi song', 'awarapan songs', 'toh phir aao mashup', 'emraan hashmi new song', 'awarapan toh phir aao', 'awarapan 2', 'Mithoon', 'Sayeed Quadri', 'disha patani', 'awarapan movie songs', 'awarapan 2 trailer', 'to phir aao', 'toh phir ao', 'toh phir aao new version']",10,none,en,"Toh Phir Aao - New Version | Lyric Video | Awarapan 2 | Emraan | Mithoon, Mustafa, Sayeed, Subodhh","Relive the magic of 'Toh Phir Aao - New Version' with its lyrical video from 'Awarapan 2'. Recreated and rearranged by Mithoon, sung by Subodhh Sharma, and penned by Sayeed Quadri, this melody brings back the emotions of a song that has stayed with us through the years. The original song was composed by Mustafa Zahid.

#TohPhirAaoDobara #TohPhirAao #Awarapan2 #Mithoon #SubodhhSharma #SayeedQuadri #MustafaZahid #EmraanHashmi #TohPhirAaoNewVersion

Music recreated & rearranged by Mithoon
Lyrics: Sayeed Quadri
Singer: Subodhh Sharma
Original Song Composer: Mustafa Zahid

Lyric Video Credits:
StoryTellers Inc.
Hemanshi Lalit Tank
Siddhant Singhvi

Creative Head: Anugrah
Music Production: Godswill Mergulhão
Music Asst - Anugrah, Godswill Mergulhão, Eli Rodrigues & Kaushal Gohil.
Guitars: Kalyan Baruah
World Strokes: Chintoo Singh Wasir
Additional Vocals: Abhishek Nailwal & Godswill Mergulão
Song Mixed & Mastered by Eric Pillai at Future Sound of Bombay
Asst. Mixing Engineer: Michael Edwin Pillai
Project Head (Team Mithoon) - Vijay Iyer
Music Head Vishesh Films: Rohit Saini

Starring Emraan Hashmi, Disha Patani, Shabana Azmi, Suvinder Vicky, Vijayant Kohli, Aniruddh Rawal, Atul Kumar
Vishesh Films & Mukesh Bhatt Present
A Vishesh Bhatt Production
AWARAPAN 2
Produced By Vishesh Bhatt
Directed By Nitin Kakkar
Director of Photography Vishnu Rao
Editor Devendra Murdeshwar
Production Designer Teena Paradkar
Choreographer Mudassar Khan
Theatrical Distribution Pen Marudhar

Lyrics:

Toh phir aao
Mujhko sataao
Toh phir aao
Mujhko rulaao
 
 
Phir… Ghayal huu main
Aake chhuulay mujhe
Shayad teri duaa
Bhar de zakhm mere
 
 
Toh phir aao
Mujhko sataao
Toh phir aao
Mujhko rulaao
 
 
Aa bhi jaao...
Aa bhi jaao...
Aa bhi jaao...
Aa bhi jaao...
Aa bhi jaao...
Aa bhi jaao...
Aa bhi jaao...
 
Antra
 
Ab toh saari umar ko
Mujhko yuun bhatakna hai
Ya mujhme yeh rahe zinda
Ya mujhko khatam hona hai
 
 
Toh phir aao
Mujhko sataao
Toh phir aao
Mujhko rulaao
Aa bhi jaao…

Aa bhi jaao…
Aa bhi jaao…
Aa bhi jaao…
Aa bhi jaao…
Aa bhi jaao…
Aa bhi jaao…
Aa bhi jaao…
 
Aa bhi jaao…
Aa bhi jaao…
Aa bhi jaao…
Aa bhi jaao…
Aa bhi jaao…
Aa bhi jaao…
Aa bhi jaao…
 
Audio on Sony Music Entertainment India Pvt. Ltd (C) 2026

Subscribe & Follow Sony Music India:
https://www.youtube.com/@UC56gTxNs4f9xZ7Pa2i5xNzg 
https://www.facebook.com/SonyMusicIndia 
https://www.instagram.com/sonymusicindia
https://www.snapchat.com/add/sonymusic_india
https://twitter.com/sonymusicindia",en,PT4M50S,2d,hd,false,True,rectangular,2912054,45624,0,2081,https://i.ytimg.com/vi/rkV7--wYUJ8/maxresdefault.jpg,1280.0,720.0,,
youtube#video,wi5r26a5TXsE3b0oGJrL9a0GFFw,87uSIcSLymQ,2026-08-17T03:07:49Z,UCNhaliLwhGH9wX3pe9bFTbA,Khalifa Trailer Reaction | Prithviraj Sukumaran | Vysakh | Malayalam,https://youtu.be/8NiMCt2o-uQ?si=MKovnifLRj1BbJyt,https://i.ytimg.com/vi/87uSIcSLymQ/default.jpg,120,90,https://i.ytimg.com/vi/87uSIcSLymQ/mqdefault.jpg,320,180,https://i.ytimg.com/vi/87uSIcSLymQ/hqdefault.jpg,480,360,https://i.ytimg.com/vi/87uSIcSLymQ/sddefault.jpg,640,480,LifeofShazzam,,1,none,en,Khalifa Trailer Reaction | Prithviraj Sukumaran | Vysakh | Malayalam,https://youtu.be/8NiMCt2o-uQ?si=MKovnifLRj1BbJyt,ml,PT6M33S,2d,hd,false,True,rectangular,304791,15283,0,710,https://i.ytimg.com/vi/87uSIcSLymQ/maxresdefault.jpg,1280.0,720.0,,
youtube#video,ZNXgsQ1EYsgSwwBpfENFcxo0gio,2yN3TXF0DZY,2026-08-19T19:50:33Z,UCpTPd6bDDac0EooYzwMAykQ,AAJ BANAUNGA 50 STREAK ⭐🚀GO FOR 300K ?,"AAJ BANAUNGA 50 STREAK ⭐🚀GO FOR 300K

@DEVBRATLIVE  subscribee !!!",https://i.ytimg.com/vi/2yN3TXF0DZY/default.jpg,120,90,https://i.ytimg.com/vi/2yN3TXF0DZY/mqdefault.jpg,320,180,https://i.ytimg.com/vi/2yN3TXF0DZY/hqdefault.jpg,480,360,https://i.ytimg.com/vi/2yN3TXF0DZY/sddefault.jpg,640,480,DEVBRAT LIVE,,20,none,en-IN,AAJ BANAUNGA 50 STREAK ⭐🚀GO FOR 300K ?,"AAJ BANAUNGA 50 STREAK ⭐🚀GO FOR 300K

@DEVBRATLIVE  subscribee !!!",en-IN,PT6H2M20S,2d,hd,false,True,rectangular,777004,8425,0,1,https://i.ytimg.com/vi/2yN3TXF0DZY/maxresdefault.jpg,1280.0,720.0,,
youtube#video,gUQJjwoV90AY3TtjymczaUHwxQ0,SQ4jZ-EAL88,2026-08-18T08:26:50Z,UCn9BuiRZGR_tPM2GGT4jN-w,Vaaroon Forever (Official Video) | Mirzapur The Movie | Shreya Ghoshal | Romy | Anand B | Ginny D,"Vaaroon Forever

Mirzapur Ki Dhadkan, #VaaroonForever - Full Song Out Now.

Music Composer: Anand Bhaskar
Music Production: Hrishi Giridhar & Tanvi Joshi
Lyrics: Ginny Diwan
Vocals: Romy & Shreya Ghoshal
Song Editor: Siddheshwar Ekambe
Choreographer: Khyati Panchmatia
Backing Vocals: Vacha Bipin, Soundariya Wankhede, Shivangi Rammurty
Harmonium: Omkar Agnihotri
Mixed & Mastered by: Prathamesh Dudhane at Bombay Live Studios
Recording Engineer: Vedant Uttarkar 
Assistant Engineer: Aniruddh Khanna
Recording studio : The Sanctuary audiovisual studio
Vaaroon 2018 produced by: Parth Parekh

Featuring:
Ali Fazal
Pankaj Tripathi
Divyenndu
Jitendra Kumar
Ravi
Abhishek B
Rasika Dugal
Mohitt Maalik
Sheeba Chadha
Rajesh Tailang
Pramod Pathak
Shriya Pilgaonkar
Harshita Shekhar Gaur
Shweta Tripathi
Sonal S. Chauhan
Anangsha Biswas
Shaji Choudhary
Satendra Soni
Kulbhushan Kharbanda
Sushant Singh

Directed by: Gurmmeet Singh
Produced by: Ritesh Sidhwani, Farhan Akhtar
Written by: Puneet Krishna
Co-Producers: Kassim Jagmagia, Vishal Ramchandani
Associate Producer: Abbas Raza Khan
Executive Producers: Vishal Bajaj & Pratik Nandkumar More (Shoot At Site)
Director of Photography: Sanjay Kapoor ISC
Production Design: Sonam Singh & Abhijit Gaonkar (Megamind Studio)
Editor: Manan Ashwin Mehta
Sound Designers: Vivek Sachidanand, Gaurav Shakya
Original Score: John Stewart Eduri
Trailer Music By: John Stewart Eduri
Costume Design: Darshan Jalan & Neelanchal Ghosh
Hair Design, Makeup & Prosthetic Design: Shipra Singh Acharya
Action Director: Amin Khatib
Music Composers: RAY, Junaid Kumar, Anand Bhaskar & Dhanda Nyoliwala
Lyrics: Kumaar, Tejpaal Singh Rawwat, Ginny Diwan & Dhanda Nyoliwala
VFX Supervisor: Vijay N Shinde
Director of Choreography: Vijay Ganguly & Khyati Panchmatia
Casting: Anmol Ahuja (Casting Bay)
2nd Unit Director: Saurabh Shukla
Post Producer: Akshay Vaishnav
Head of Post Production: Manoj Chouhan
Production Sound Mixer: Abhishek Tripathy
Chief Financial Officer: Jaswant Singh Hinduja
Financial Advisor: Bimal Parekh & Co
Legal Head: Pooja Sharma
Assistant Vice President Legal: Niti Mayer
Marketing: Nidhi Mehta Marthak, Rhea Wagh & Devang Majethia
First Assistant Director: Rahull Upaday
Associate Directors: Rohit Babu, Raghuvanshi Malik
2nd Unit Director of Photography: Arun Damodaran
Post Supervisor: Kinchit Amar Desai
Re-Recording Mixer: Sarath Mohan
Publicity Designers: Rahul Nanda, Himanshu Nanda
Media Consultant: Spice
Visual Promotions: Just Right Studioz NX
VFX by: Resonance Digital LLP & Light N Light VFX
Senior Colourist: Rahul Purav
Color by: Futureworks Media Ltd

Buy Mirzapur Merch Now: https://thenoiseculture.com/pages/mirzapur-the-movie 

Vaaroon Forever Lyrics :

Intro Chorus

Bandha nainon ne nainon se dora
Mohe kheenche chala moh tora
Tohe saunpa hai tan mann ye kora
Mohe thaame tu rakhna sada
My gaze is entangled to your gaze
And your love is tugging me towards you
I have surrendered my pristine self to you
Hold on to me forever

Verse 01

Vaaroon, vaaroon main vaaroon tori
Ab na jag ki hai parvaah koi
Thaam le tu mori jindagi
Tohse badh ke na koi khushi
I devote myself to you
No longer do I care for the world
Be the hands that hold my life
There’s no greater joy than you
Vaaroon vaaroon main vaaroon tori
Aaj saunpe hai sapne sabhi
Naina tore tijori mori
Hai mori
I devote myself to you
Today I handover all my dreams to you
Your eyes are my safe place

Chorus 01

Pheeka pheeka tha manwa ye mora
Chhoo ke toone bhara rang tora
Mele jaisa saja hai ye angana
Tohre aane se dil ka mora
My heart was so colourless n dull
Your touch filled it with (your) colours
My heart is adorned like a carnival
Ever since you came into my life

Verse 02

Vaaroon vaaroon main vaaroon tori
Tohse naata hai mora koi
Tu gagan main pawan hoon tori
Mori saansein bhi sab hain tori
I devote myself to you
There is a bond between us
If you are a sky, I am your wind
Every breath of mine is yours
Vaaroon vaaroon main vaaroon tori
Mohe aankho mein bhar le kahin
Tori khushiyon se dharkan mori
Hai mori
I devote myself to you
Let me dwell in your eyes somewhere
Your happiness makes my heart beat

Chorus 02

Tohse janamo ka phera hai mora
Tohri chhaaya mein mora basera
Tohre vaade pe sab kuchh luta doon
Moh pe rakhna bharosa zara
I have belonged to you across lifetimes
I reside in your shade
For your promise, I'd give my all
Have faith in me

Verse 03

Tore naaz saare utha loon, jo kahe
Ye naina more, more jaage hain sung tore
Har raat tori saja doon, jo kahe
Hain jeena mohe, mohe jeena hai sung tore
I’ll fulfil all your whims, if you wish
These eyes will stay awake with you
I’ll light up all your nights, if you wish
I want to live, I want to live beside you forever

Chorus 3

Tore aage main sir ko jhuka doon
Tore sapne palak pe bitha doon
Kaala teeka main tohe laga doon
Tohe laage nazar na zara
I’d bow my head before you,
Hold your dreams gently upon my eyes
Mark you with a little ward against the evil eye
May no ill ever fall upon you",https://i.ytimg.com/vi/SQ4jZ-EAL88/default.jpg,120,90,https://i.ytimg.com/vi/SQ4jZ-EAL88/mqdefault.jpg,320,180,https://i.ytimg.com/vi/SQ4jZ-EAL88/hqdefault.jpg,480,360,https://i.ytimg.com/vi/SQ4jZ-EAL88/sddefault.jpg,640,480,Excel Movies,"['vaaroon song', 'vaaroon', 'vaarun', 'mirzapur song', 'mirzapur movie song', 'pankaj tripathi', 'Vaaroon', 'Mirzapur Songs', 'All songs Mirzapur', 'Ali Fazal', 'Divyenndu', 'New Hindi Songs', 'Mirzapur All Songs', 'Mirzapur Full Album', 'new romantic songs', 'varun', 'varoon', 'new love songs', 'mirzapur love song', 'Anand Bhaskar', 'Vaaroon Shreya Ghoshal', 'Vaaroon Forever', 'Varoon Shreya Ghoshal Song', 'Romy songs', 'Varoon Romy', 'Vaaroon Vaaroon', 'Vaaroon Forever Song', 'love song', 'hindi song', 'new love song', 'romantic song']",10,none,en,Vaaroon Forever (Official Video) | Mirzapur The Movie | Shreya Ghoshal | Romy | Anand B | Ginny D,"Vaaroon Forever

Mirzapur Ki Dhadkan, #VaaroonForever - Full Song Out Now.

Music Composer: Anand Bhaskar
Music Production: Hrishi Giridhar & Tanvi Joshi
Lyrics: Ginny Diwan
Vocals: Romy & Shreya Ghoshal
Song Editor: Siddheshwar Ekambe
Choreographer: Khyati Panchmatia
Backing Vocals: Vacha Bipin, Soundariya Wankhede, Shivangi Rammurty
Harmonium: Omkar Agnihotri
Mixed & Mastered by: Prathamesh Dudhane at Bombay Live Studios
Recording Engineer: Vedant Uttarkar 
Assistant Engineer: Aniruddh Khanna
Recording studio : The Sanctuary audiovisual studio
Vaaroon 2018 produced by: Parth Parekh

Featuring:
Ali Fazal
Pankaj Tripathi
Divyenndu
Jitendra Kumar
Ravi
Abhishek B
Rasika Dugal
Mohitt Maalik
Sheeba Chadha
Rajesh Tailang
Pramod Pathak
Shriya Pilgaonkar
Harshita Shekhar Gaur
Shweta Tripathi
Sonal S. Chauhan
Anangsha Biswas
Shaji Choudhary
Satendra Soni
Kulbhushan Kharbanda
Sushant Singh

Directed by: Gurmmeet Singh
Produced by: Ritesh Sidhwani, Farhan Akhtar
Written by: Puneet Krishna
Co-Producers: Kassim Jagmagia, Vishal Ramchandani
Associate Producer: Abbas Raza Khan
Executive Producers: Vishal Bajaj & Pratik Nandkumar More (Shoot At Site)
Director of Photography: Sanjay Kapoor ISC
Production Design: Sonam Singh & Abhijit Gaonkar (Megamind Studio)
Editor: Manan Ashwin Mehta
Sound Designers: Vivek Sachidanand, Gaurav Shakya
Original Score: John Stewart Eduri
Trailer Music By: John Stewart Eduri
Costume Design: Darshan Jalan & Neelanchal Ghosh
Hair Design, Makeup & Prosthetic Design: Shipra Singh Acharya
Action Director: Amin Khatib
Music Composers: RAY, Junaid Kumar, Anand Bhaskar & Dhanda Nyoliwala
Lyrics: Kumaar, Tejpaal Singh Rawwat, Ginny Diwan & Dhanda Nyoliwala
VFX Supervisor: Vijay N Shinde
Director of Choreography: Vijay Ganguly & Khyati Panchmatia
Casting: Anmol Ahuja (Casting Bay)
2nd Unit Director: Saurabh Shukla
Post Producer: Akshay Vaishnav
Head of Post Production: Manoj Chouhan
Production Sound Mixer: Abhishek Tripathy
Chief Financial Officer: Jaswant Singh Hinduja
Financial Advisor: Bimal Parekh & Co
Legal Head: Pooja Sharma
Assistant Vice President Legal: Niti Mayer
Marketing: Nidhi Mehta Marthak, Rhea Wagh & Devang Majethia
First Assistant Director: Rahull Upaday
Associate Directors: Rohit Babu, Raghuvanshi Malik
2nd Unit Director of Photography: Arun Damodaran
Post Supervisor: Kinchit Amar Desai
Re-Recording Mixer: Sarath Mohan
Publicity Designers: Rahul Nanda, Himanshu Nanda
Media Consultant: Spice
Visual Promotions: Just Right Studioz NX
VFX by: Resonance Digital LLP & Light N Light VFX
Senior Colourist: Rahul Purav
Color by: Futureworks Media Ltd

Buy Mirzapur Merch Now: https://thenoiseculture.com/pages/mirzapur-the-movie 

Vaaroon Forever Lyrics :

Intro Chorus

Bandha nainon ne nainon se dora
Mohe kheenche chala moh tora
Tohe saunpa hai tan mann ye kora
Mohe thaame tu rakhna sada
My gaze is entangled to your gaze
And your love is tugging me towards you
I have surrendered my pristine self to you
Hold on to me forever

Verse 01

Vaaroon, vaaroon main vaaroon tori
Ab na jag ki hai parvaah koi
Thaam le tu mori jindagi
Tohse badh ke na koi khushi
I devote myself to you
No longer do I care for the world
Be the hands that hold my life
There’s no greater joy than you
Vaaroon vaaroon main vaaroon tori
Aaj saunpe hai sapne sabhi
Naina tore tijori mori
Hai mori
I devote myself to you
Today I handover all my dreams to you
Your eyes are my safe place

Chorus 01

Pheeka pheeka tha manwa ye mora
Chhoo ke toone bhara rang tora
Mele jaisa saja hai ye angana
Tohre aane se dil ka mora
My heart was so colourless n dull
Your touch filled it with (your) colours
My heart is adorned like a carnival
Ever since you came into my life

Verse 02

Vaaroon vaaroon main vaaroon tori
Tohse naata hai mora koi
Tu gagan main pawan hoon tori
Mori saansein bhi sab hain tori
I devote myself to you
There is a bond between us
If you are a sky, I am your wind
Every breath of mine is yours
Vaaroon vaaroon main vaaroon tori
Mohe aankho mein bhar le kahin
Tori khushiyon se dharkan mori
Hai mori
I devote myself to you
Let me dwell in your eyes somewhere
Your happiness makes my heart beat

Chorus 02

Tohse janamo ka phera hai mora
Tohri chhaaya mein mora basera
Tohre vaade pe sab kuchh luta doon
Moh pe rakhna bharosa zara
I have belonged to you across lifetimes
I reside in your shade
For your promise, I'd give my all
Have faith in me

Verse 03

Tore naaz saare utha loon, jo kahe
Ye naina more, more jaage hain sung tore
Har raat tori saja doon, jo kahe
Hain jeena mohe, mohe jeena hai sung tore
I’ll fulfil all your whims, if you wish
These eyes will stay awake with you
I’ll light up all your nights, if you wish
I want to live, I want to live beside you forever

Chorus 3

Tore aage main sir ko jhuka doon
Tore sapne palak pe bitha doon
Kaala teeka main tohe laga doon
Tohe laage nazar na zara
I’d bow my head before you,
Hold your dreams gently upon my eyes
Mark you with a little ward against the evil eye
May no ill ever fall upon you",hi,PT4M13S,2d,hd,false,True,rectangular,7639686,86729,0,2159,https://i.ytimg.com/vi/SQ4jZ-EAL88/maxresdefault.jpg,1280.0,720.0,"['BY', 'RU']",
youtube#video,Sn9zOVVppK_bIoCb3-Ty_Xz-ukw,DOjv2xcgsqk,2026-08-19T10:30:06Z,UC1EuA9aHCO81CRoJiAW5L2A,"ଦଣ୍ଡକାଳୀ | Dandakali | Official Teaser | New Odia Movie | Sidhant Mohapatra, Suryamayee","#AmaraMuzikOdia #Dandakali #OdiaMovie #OdiaFilm #NewMovie #SidhantMohapatra #ଦଣ୍ଡକାଳୀ

Watch the official teaser of the Odia movie ""Dandakali"". This movie is directed by Sudhanshu Mohan Sahoo and produced by Rajashree Ghosh!
Amara Muzik is the official music label of Dandakali 

Credits 
Movie Name : Dandakali 
Starring : Sidhant Mohapatra, Mahesweta Ray, Suryamayee Mohapatra, Chitrasen Ghosh , Trupti Mirambika, Usasi Mishra, Krishna Kara, Choudhary Jayprakash  , Udit Guru and Elli Padhy
Director : Sudhanshu Mohan Sahoo
Producer : Rajashree Ghosh
Executive Producer : Sukanta Kumar Sahu 
Production House : Rajashree Cine Crafts
Music Label : Amara Muzik 
Music Director : Prem Anand 
DOP : Deepak Kumar 
Screenplay and Dialogue : Dillip Choudhury 
Story : Abhisikta Mishra 
Choreographer : Amit Nayak and Dibya Samal 
Editor : Jyotirmaya Swain 
Colourist : Rajesh 
BGM : Diptiman Sarangi 
Art Director : Ganesh Das 
Make Up : Shantanu Das 
Costume : Santosh Dalei 
Light : Kalinga Cine Equipment 
Camera Equipment: Camera Queen Production 
Associate Director : Trilochan Swain
Dubbing : Bibhuti Bhushan Dash 
Pilot Sound : Aakash Rana 
CG - Anand ( Loglin Studio ) 
Drone - Kanha 
DTP - Santosh 
5.1 Mixing: Millan Dash ( Millan Studio ) 
Singer : Rituraj Mohanty , Sabisesh Mishra , Pragya Hota , Antara Chakraborty, Kuldeep Pattanaik 
Lyricist : Dr Nirmal Nayak & Bapu Goswami 
Publicity Design : Blank Canvas RGF 
Online Promotion : Blank Canvas Digital

🔔 Get alerts when we release any new video. TURN ON THE BELL ICON on the channel! 🔔

SUBSCRIBE to Amara Muzik channel for Odia Songs and movie videos
http://bit.ly/2am9M9E

Contact Us:
info@amaramuzik.in

Connect with us on 
♦ Facebook: https://www.facebook.com/AmaraMuzik
♦ Instagram: https://www.instagram.com/amaramuzik
♦ Twitter: https://twitter.com/AmaraMuzik​

© Amara Muzik 2026

* ANTI-PIRACY WARNING *
This content is Copyright to Amara Muzik. Any unauthorized reproduction, redistribution or re-upload is strictly prohibited of this material. Legal action will be taken against those who violate the copyright of the following material presented!

Amara Odisha | Amara Odia | Odia | Latest Odia Songs | Odia Songs | Odia Music | Odia Album | Ollywood | Odisha | Odia Gita | Odia Song | Odia Music Video | Amara Muzik | Amara Muzik Odia | Odia Video | New Odia Song | Dandakali | Dandakali Odia Movie | Odia Movie Dandakali | Dandakali Odia Film | Odia Film Dandakali | Dandakali New Odia Movie | New Odia Movie Dandakali | Dandakali Sidhant Mohapatra | Sidhant Mohapatra | Sidhant Mohapatra Odia Movie | Sidhant Mohapatra New Movie | Dandakali Movie | Dandakali Teaser | Dandakali Movie Songs | ଦଣ୍ଡକାଳୀ",https://i.ytimg.com/vi/DOjv2xcgsqk/default.jpg,120,90,https://i.ytimg.com/vi/DOjv2xcgsqk/mqdefault.jpg,320,180,https://i.ytimg.com/vi/DOjv2xcgsqk/hqdefault.jpg,480,360,https://i.ytimg.com/vi/DOjv2xcgsqk/sddefault.jpg,640,480,Amara Muzik Odia,"['Amara Muzik', 'Amara Odisha', 'Ollywood', 'Orissa songs', 'amar music', 'amara music', 'amara odia', 'best odia song', 'latest odia songs', 'new odia song 2026', 'new song odia 2026', 'odia music', 'odia song', 'odia song 2026']",10,none,en,"ଦଣ୍ଡକାଳୀ | Dandakali | Official Teaser | New Odia Movie | Sidhant Mohapatra, Suryamayee","#AmaraMuzikOdia #Dandakali #OdiaMovie #OdiaFilm #NewMovie #SidhantMohapatra #ଦଣ୍ଡକାଳୀ

Watch the official teaser of the Odia movie ""Dandakali"". This movie is directed by Sudhanshu Mohan Sahoo and produced by Rajashree Ghosh!
Amara Muzik is the official music label of Dandakali 

Credits 
Movie Name : Dandakali 
Starring : Sidhant Mohapatra, Mahesweta Ray, Suryamayee Mohapatra, Chitrasen Ghosh , Trupti Mirambika, Usasi Mishra, Krishna Kara, Choudhary Jayprakash  , Udit Guru and Elli Padhy
Director : Sudhanshu Mohan Sahoo
Producer : Rajashree Ghosh
Executive Producer : Sukanta Kumar Sahu 
Production House : Rajashree Cine Crafts
Music Label : Amara Muzik 
Music Director : Prem Anand 
DOP : Deepak Kumar 
Screenplay and Dialogue : Dillip Choudhury 
Story : Abhisikta Mishra 
Choreographer : Amit Nayak and Dibya Samal 
Editor : Jyotirmaya Swain 
Colourist : Rajesh 
BGM : Diptiman Sarangi 
Art Director : Ganesh Das 
Make Up : Shantanu Das 
Costume : Santosh Dalei 
Light : Kalinga Cine Equipment 
Camera Equipment: Camera Queen Production 
Associate Director : Trilochan Swain
Dubbing : Bibhuti Bhushan Dash 
Pilot Sound : Aakash Rana 
CG - Anand ( Loglin Studio ) 
Drone - Kanha 
DTP - Santosh 
5.1 Mixing: Millan Dash ( Millan Studio ) 
Singer : Rituraj Mohanty , Sabisesh Mishra , Pragya Hota , Antara Chakraborty, Kuldeep Pattanaik 
Lyricist : Dr Nirmal Nayak & Bapu Goswami 
Publicity Design : Blank Canvas RGF 
Online Promotion : Blank Canvas Digital

🔔 Get alerts when we release any new video. TURN ON THE BELL ICON on the channel! 🔔

SUBSCRIBE to Amara Muzik channel for Odia Songs and movie videos
http://bit.ly/2am9M9E

Contact Us:
info@amaramuzik.in

Connect with us on 
♦ Facebook: https://www.facebook.com/AmaraMuzik
♦ Instagram: https://www.instagram.com/amaramuzik
♦ Twitter: https://twitter.com/AmaraMuzik​

© Amara Muzik 2026

* ANTI-PIRACY WARNING *
This content is Copyright to Amara Muzik. Any unauthorized reproduction, redistribution or re-upload is strictly prohibited of this material. Legal action will be taken against those who violate the copyright of the following material presented!

Amara Odisha | Amara Odia | Odia | Latest Odia Songs | Odia Songs | Odia Music | Odia Album | Ollywood | Odisha | Odia Gita | Odia Song | Odia Music Video | Amara Muzik | Amara Muzik Odia | Odia Video | New Odia Song | Dandakali | Dandakali Odia Movie | Odia Movie Dandakali | Dandakali Odia Film | Odia Film Dandakali | Dandakali New Odia Movie | New Odia Movie Dandakali | Dandakali Sidhant Mohapatra | Sidhant Mohapatra | Sidhant Mohapatra Odia Movie | Sidhant Mohapatra New Movie | Dandakali Movie | Dandakali Teaser | Dandakali Movie Songs | ଦଣ୍ଡକାଳୀ",or,PT1M38S,2d,hd,false,True,rectangular,45301,2845,0,232,https://i.ytimg.com/vi/DOjv2xcgsqk/maxresdefault.jpg,1280.0,720.0,,
youtube#video,2TgBZLDLfYFNcJHR0ArRJ76Tg7M,ZPmRTeh6izw,2026-08-20T07:30:19Z,UCt3mMVAyGhwQb_ZBGp_p85g,Franklin Found A Giant Mysterious Footprint In Rain In GTA 5 ! (GTA 5 Mods),"YOU ARE  WATCHING FLIGHT GAMER
Franklin Found A Giant Mysterious Footprint In Rain In GTA 5 ! (GTA 5 Mods)

Mod Credits:-JuloNIB
Mod Credits:-King Kong by The Darth Knight
Mod Credits:-https://www.gta5-mods.com/player/king-ghidorah-monster-verse-godzilla-king-of-the-monsters-the-biggest-add-on-ped

So guys i hope you like this video so plz.. plz.. hit a like button and plz.. share this video everywhere and smash Subscribe button....and press the bell icon...

THANK YOU FOR WATCHING.
#gta5 
#gta5mods
#gta5gameplay",https://i.ytimg.com/vi/ZPmRTeh6izw/default.jpg,120,90,https://i.ytimg.com/vi/ZPmRTeh6izw/mqdefault.jpg,320,180,https://i.ytimg.com/vi/ZPmRTeh6izw/hqdefault.jpg,480,360,https://i.ytimg.com/vi/ZPmRTeh6izw/sddefault.jpg,640,480,Flight Gamer,"['gta 5 mods', 'gta v mods', 'FLIGHT GAMER', 'flight gamer gta 5', 'gta 5', 'flight', 'techno gamerz gta 5', 'gta', 'gta v', 'gta 5 techno gamerz', 'gta 5 secret base', 'techno gamerz', 'hulk', 'flight gamer', 'Franklin Found A Giant Mysterious Footprint In Rain In GTA 5', 'Flight Gamer', 'flight game', 'mods gta 5', 'gta v secret base video', 'franklin explores', 'mysterious handprint gta 5', 'franklin found', 'gta 5 godzilla', 'king kong', 'king ghidorah gta 5', 'king ghidorah', 'king ghidorah gta v', 'king kong gta v']",20,none,en-US,Franklin Found A Giant Mysterious Footprint In Rain In GTA 5 ! (GTA 5 Mods),"YOU ARE  WATCHING FLIGHT GAMER
Franklin Found A Giant Mysterious Footprint In Rain In GTA 5 ! (GTA 5 Mods)

Mod Credits:-JuloNIB
Mod Credits:-King Kong by The Darth Knight
Mod Credits:-https://www.gta5-mods.com/player/king-ghidorah-monster-verse-godzilla-king-of-the-monsters-the-biggest-add-on-ped

So guys i hope you like this video so plz.. plz.. hit a like button and plz.. share this video everywhere and smash Subscribe button....and press the bell icon...

THANK YOU FOR WATCHING.
#gta5 
#gta5mods
#gta5gameplay",hi,PT34M38S,2d,hd,false,True,rectangular,150153,4707,0,271,https://i.ytimg.com/vi/ZPmRTeh6izw/maxresdefault.jpg,1280.0,720.0,,
youtube#video,B5WIFMmRKTctjBrvbjmBKuGSl4Q,A14bHx6l5CA,2026-08-18T05:28:07Z,UCzee67JnEcuvjErRyWP3GpQ,Keralanaadu | I-POPSTAR | EP 11 | Priya Jerson | Vijay Narain,"For more latest songs & videos, subscribe 👉 https://bit.ly/Saregama_Tamil

Listen now:
I-Popstar Tamil is streaming on Alright TV app and Media Masons Youtube channel. New Episodes Every Thursday to Friday at Alright TV app at 6 PM! Watch Now:
New Episodes Every Thursday to Saturday at Media Masons Youtube Channel at 6 PM! Watch Now:

Audio Credits:
Song Name: Keralanaadu
Written, Composed & Performed by: Priya Jerson & Vijay Narain
Musical Director & Producer: Sathyaprakash
Programmed by: Vijay Ganesan
Music Assistant & Vocal Producer: Sindhu Rajaramji
Mixed and Mastered by: Roshan Sebastian
Dolby Atmos mix by Aswin George John at Magic Fader Studio

Lyrics: 
Dhit thei thaka thei thei thaka thei thei thaka thei thei Dhom
Dhit thei thaka thei thei thaka thei thei thaka thei thei Dhom
Dhit thei thaka thei thei thaka thei thei thaka thei thei Dhom
Dhit thei thaka thei thei thaka thei thei thaka thei thei Dhom
Cherthan Keralam vannu pazhampori virumbi thinnu
Malayala paatta paada chonna malayalathe konnu
Thangachi Thamizhukku vaama santhathila sendhukoma
Porotta salna vaangi tharen kondaadi duvoma
Adipoli
Malayalakara Manasaakey Vilikunnu
Keralanaattin Rusiyo Mayakkunnu
Cinema Snehathil Oorey Onnai Vazhunnu
Inga Laalettanum Mammookkayum Vaazhunnu
Karimeenum Chorum Kadalum
Kalariyum Kadhakaliyum
Vera Endha Naatil Undu Koorayya
Aaromaley Paatu Paadi Aalappuzhayil Jessyey Thedi
Ooru Pakkam Vandhu Konjam Paarayya
Chetan Keralam Vannu Pazhampori Virumbi Thinnu
Malayala Paatu Paada Sonna Malayalatha Konnu
Thangachi Thamizhuku Vaa Ma
Sandhathula Senthukoma
Porota Salna Vaangi Thaaren Kondaadiduvoma
Adipoli
Dhit thei thaka thei thei thaka thei thei thaka thei thei Dhom
Dhit thei thaka thei thei thaka thei thei thaka thei thei Dhom
Dhit thei thaka thei thei thaka thei thei thaka thei thei Dhom
Dhit thei thaka thei thei thaka thei thei thaka thei thei Dhom
Inga beach irukke
Ingaeyum irukke
Pachamalai irukke
Niraiyave irukke
Inga A.R.Rahman veedu irukke Ange irukka
Inga boat- um undu
Ingayum undu
Inga house- um undu
Evadai um undu
Inga boat- um mela house- um undu Ange irukka
Nee Anju Mozhigala Malayalathula Paada
Andha Yezhu Swaramum Un Nuninaakula Velayaada
En Kerala Naadey Santhoshamaai Aada
Pudhu Raagangal En Paatil Vannallo
Cheta Keralam Vannu
Pazhampori Virumbi Thinnu
Malayala Paatu Paada Sonna
Malayalatha Konnu
Thangachi Thamizhuku Vaama
Sandhathula Senthukoma
Porota Salna Vaangi Thaaren Kondaadi Duvoma
Adipoli
Dhit thei thaka thei thei thaka thei thei thaka thei thei Dhom
Dhit thei thaka thei thei thaka thei thei thaka thei thei Dhom
Dhit thei thaka thei thei thaka thei thei thaka thei thei Dhom
Dhit thei thaka thei thei thaka thei thei thaka thei thei Dhom



Label: Saregama India Limited, A RPSG Group Company

 
To buy Carvaan, visit https://www.saregama.com/carvaan/tamil
To buy virus free original tracks, visit  https://www.saregama.com/musicstore
Follow us on: YouTube: https://www.youtube.com/@SaregamaTamil
Facebook: http://www.facebook.com/Saregamatamil
X: https://twitter.com/saregamasouth

#IPopstarTamil #YuvanShankarRaja #AsalKolaar #AnthonyDaasan #SakthisreeGopalan #SamVishal #Kureshi #SaregamaTamil",https://i.ytimg.com/vi/A14bHx6l5CA/default.jpg,120,90,https://i.ytimg.com/vi/A14bHx6l5CA/mqdefault.jpg,320,180,https://i.ytimg.com/vi/A14bHx6l5CA/hqdefault.jpg,480,360,https://i.ytimg.com/vi/A14bHx6l5CA/sddefault.jpg,640,480,Saregama Tamil,"['I-POPSTAR', 'I-POPSTAR Episode 11', 'I-POPSTAR Audio Jukebox', 'Tamil Audio Jukebox', 'Tamil Songs', 'Tamil New Songs', 'Latest Tamil Songs', 'Tamil Music', 'Tamil Indie Songs', 'Tamil Independent Music', 'Tamil Pop Songs', 'Tamil Pop Music', 'Sangu Sakkaram Kaalu Bathram', 'Pathale Podhum', 'Keralanaadu', 'Sangu Sakkaram Kaalu Bathram Song', 'Pathale Podhum Song', 'Keralanaadu Song', 'Hemi', 'Sam Vishal', 'Sathyaprakash', 'Trend Gana Sanjay']",10,none,en,Keralanaadu | I-POPSTAR | EP 11 | Priya Jerson | Vijay Narain,"For more latest songs & videos, subscribe 👉 https://bit.ly/Saregama_Tamil

Listen now:
I-Popstar Tamil is streaming on Alright TV app and Media Masons Youtube channel. New Episodes Every Thursday to Friday at Alright TV app at 6 PM! Watch Now:
New Episodes Every Thursday to Saturday at Media Masons Youtube Channel at 6 PM! Watch Now:

Audio Credits:
Song Name: Keralanaadu
Written, Composed & Performed by: Priya Jerson & Vijay Narain
Musical Director & Producer: Sathyaprakash
Programmed by: Vijay Ganesan
Music Assistant & Vocal Producer: Sindhu Rajaramji
Mixed and Mastered by: Roshan Sebastian
Dolby Atmos mix by Aswin George John at Magic Fader Studio

Lyrics: 
Dhit thei thaka thei thei thaka thei thei thaka thei thei Dhom
Dhit thei thaka thei thei thaka thei thei thaka thei thei Dhom
Dhit thei thaka thei thei thaka thei thei thaka thei thei Dhom
Dhit thei thaka thei thei thaka thei thei thaka thei thei Dhom
Cherthan Keralam vannu pazhampori virumbi thinnu
Malayala paatta paada chonna malayalathe konnu
Thangachi Thamizhukku vaama santhathila sendhukoma
Porotta salna vaangi tharen kondaadi duvoma
Adipoli
Malayalakara Manasaakey Vilikunnu
Keralanaattin Rusiyo Mayakkunnu
Cinema Snehathil Oorey Onnai Vazhunnu
Inga Laalettanum Mammookkayum Vaazhunnu
Karimeenum Chorum Kadalum
Kalariyum Kadhakaliyum
Vera Endha Naatil Undu Koorayya
Aaromaley Paatu Paadi Aalappuzhayil Jessyey Thedi
Ooru Pakkam Vandhu Konjam Paarayya
Chetan Keralam Vannu Pazhampori Virumbi Thinnu
Malayala Paatu Paada Sonna Malayalatha Konnu
Thangachi Thamizhuku Vaa Ma
Sandhathula Senthukoma
Porota Salna Vaangi Thaaren Kondaadiduvoma
Adipoli
Dhit thei thaka thei thei thaka thei thei thaka thei thei Dhom
Dhit thei thaka thei thei thaka thei thei thaka thei thei Dhom
Dhit thei thaka thei thei thaka thei thei thaka thei thei Dhom
Dhit thei thaka thei thei thaka thei thei thaka thei thei Dhom
Inga beach irukke
Ingaeyum irukke
Pachamalai irukke
Niraiyave irukke
Inga A.R.Rahman veedu irukke Ange irukka
Inga boat- um undu
Ingayum undu
Inga house- um undu
Evadai um undu
Inga boat- um mela house- um undu Ange irukka
Nee Anju Mozhigala Malayalathula Paada
Andha Yezhu Swaramum Un Nuninaakula Velayaada
En Kerala Naadey Santhoshamaai Aada
Pudhu Raagangal En Paatil Vannallo
Cheta Keralam Vannu
Pazhampori Virumbi Thinnu
Malayala Paatu Paada Sonna
Malayalatha Konnu
Thangachi Thamizhuku Vaama
Sandhathula Senthukoma
Porota Salna Vaangi Thaaren Kondaadi Duvoma
Adipoli
Dhit thei thaka thei thei thaka thei thei thaka thei thei Dhom
Dhit thei thaka thei thei thaka thei thei thaka thei thei Dhom
Dhit thei thaka thei thei thaka thei thei thaka thei thei Dhom
Dhit thei thaka thei thei thaka thei thei thaka thei thei Dhom



Label: Saregama India Limited, A RPSG Group Company

 
To buy Carvaan, visit https://www.saregama.com/carvaan/tamil
To buy virus free original tracks, visit  https://www.saregama.com/musicstore
Follow us on: YouTube: https://www.youtube.com/@SaregamaTamil
Facebook: http://www.facebook.com/Saregamatamil
X: https://twitter.com/saregamasouth

#IPopstarTamil #YuvanShankarRaja #AsalKolaar #AnthonyDaasan #SakthisreeGopalan #SamVishal #Kureshi #SaregamaTamil",ta,PT3M8S,2d,hd,false,True,rectangular,452762,17806,0,371,https://i.ytimg.com/vi/A14bHx6l5CA/maxresdefault.jpg,1280.0,720.0,,
youtube#video,DmT2Ad87WGKyqo7NBEdiFjm_YRA,psuDntKA8Jw,2026-08-20T08:10:01Z,UCkfMRf2aB8zh5dgdsMy93VA,Toxic English Trailer ನೋಡಿದ್ಮೇಲೆ ರಾಯನ ಅಪ್ಪ ಯಾರು ಅಂತ ಗೊತ್ತಾಯ್ತಾ? | Yash | Toxic | Allu Arvind,"Toxic English Trailer ನೋಡಿದ್ಮೇಲೆ ರಾಯನ ಅಪ್ಪ ಯಾರು ಅಂತ ಗೊತ್ತಾಯ್ತಾ? | Yash | Toxic | Allu Arvind | Sujay Raj 

#toxicthemovie #rockingstaryash #yash #alluarjun #alluaravind  #kiaraadvani #geethumohandas #tabaahi #tarasutaria #nayantara #toxicdairies #sudevnair #rockingstaryash

Click Here To Watch Vishwavani TV Live Updates | ಬ್ರೇಕಿಂಗ್ ಸುದ್ದಿಗಾಗಿ ಕ್ಲಿಕ್ ಮಾಡಿ 

ವಿಶ್ವವಾಣಿ ಟಿವಿ ನ್ಯೂಸ್ ಲೈವ್ ಲಿಂಕ್► https://vishwavani.news  • 🔴 LIVE | VISHWAVANI NEWS 

Vishwavani TV | Vishwavani News | Kannada News | Latest Kannada News |  VISHWAVANI KANNADA NEWS LIVE | ವಿಶ್ವವಾಣಿ ನ್ಯೂಸ್‌ ಲೈವ್ |  KANNADA LIVE NEWS | KANNADA TV NEWS | KARNATAKA LIVE NEWS 

► Vishwavani Kannada Website:  https://vishwavani.news/
► Subscribe to Vishwavani TV:  https://www.youtube.com/@vishwavanitv
► Subscribe to Vishwavani Money: https://youtube.com/@VishwavaniMoney
► Like us on Facebook:   https://www.facebook.com/vishwavaninews/
► Follow us on X: https://x.com/VishwavaniNews
► Follow us on Instagram: https://www.instagram.com/vishwavanitv/

#Vishwavaninews #Vishwavanitv #KannadaNews #LatestKannadaNews #Vishwavanitv #BreakingNewsKannada #KannadaBreakingNews #KannadaNewsLive #KannadaNewsUpdate #KannadaNewsLatest #LiveKannadaNews #KannadaLiveNews #KannadaLiveTV #KannadaNewsChannel #KarnatakaLatestNews #TodayNews #LiveNews #NewsHeadlines #VishwavaniNewsKannada 

Kannada News | Latest Kannada News | Vishwavani TV | Breaking News Kannada | Kannada Breaking News | Kannada News Live | Kannada News Update | Kannada News Latest | Live Kannada News | Kannada Live News | Kannada Live TV | Kannada News Channel | Karnataka Latest News | Today News | Live News | News Headlines | Vishwavani TV  Kannada
#vishwavanitvspecial

Disclaimer | The Video Content has been made available for informational and educational purposes only. Vishwavani TV Special does not make any representation or warranties with respect to the accuracy, applicability, fitness, or completeness of the Video Content. The Video Content is not intended to be a substitute for professional medical advice, diagnosis, or treatment. Always seek the advice of your physician or other qualified health provider with any questions you may have regarding a medical condition.",https://i.ytimg.com/vi/psuDntKA8Jw/default.jpg,120,90,https://i.ytimg.com/vi/psuDntKA8Jw/mqdefault.jpg,320,180,https://i.ytimg.com/vi/psuDntKA8Jw/hqdefault.jpg,480,360,https://i.ytimg.com/vi/psuDntKA8Jw/sddefault.jpg,640,480,Vishwavani TV Special,"['Vishwavani', 'Toxic Trailer', 'toxic trailer hindi', 'toxic trailer review', 'toxic trailer launch event', 'toxic trailer version', 'toxic trailer', 'toxic trailer roast', 'toxic trailer breakdown', 'Geethu Mohandas', 'Kiara Advani', 'yash', 'toxic', 'toxic song', 'toxic trailer kannada', 'toxic song kannada', 'toxic update', 'toxic kannada', 'toxic trailer telugu', 'toxic teaser', 'toxic movie trailer', 'toxic movie', 'toxic trailer tamil', 'kiara advani', 'nayanthara', 'allu arjun', 'allu aravind', 'toxic english trailer']",24,none,kn,Toxic English Trailer ನೋಡಿದ್ಮೇಲೆ ರಾಯನ ಅಪ್ಪ ಯಾರು ಅಂತ ಗೊತ್ತಾಯ್ತಾ? | Yash | Toxic | Allu Arvind,"Toxic English Trailer ನೋಡಿದ್ಮೇಲೆ ರಾಯನ ಅಪ್ಪ ಯಾರು ಅಂತ ಗೊತ್ತಾಯ್ತಾ? | Yash | Toxic | Allu Arvind | Sujay Raj 

#toxicthemovie #rockingstaryash #yash #alluarjun #alluaravind  #kiaraadvani #geethumohandas #tabaahi #tarasutaria #nayantara #toxicdairies #sudevnair #rockingstaryash

Click Here To Watch Vishwavani TV Live Updates | ಬ್ರೇಕಿಂಗ್ ಸುದ್ದಿಗಾಗಿ ಕ್ಲಿಕ್ ಮಾಡಿ 

ವಿಶ್ವವಾಣಿ ಟಿವಿ ನ್ಯೂಸ್ ಲೈವ್ ಲಿಂಕ್► https://vishwavani.news  • 🔴 LIVE | VISHWAVANI NEWS 

Vishwavani TV | Vishwavani News | Kannada News | Latest Kannada News |  VISHWAVANI KANNADA NEWS LIVE | ವಿಶ್ವವಾಣಿ ನ್ಯೂಸ್‌ ಲೈವ್ |  KANNADA LIVE NEWS | KANNADA TV NEWS | KARNATAKA LIVE NEWS 

► Vishwavani Kannada Website:  https://vishwavani.news/
► Subscribe to Vishwavani TV:  https://www.youtube.com/@vishwavanitv
► Subscribe to Vishwavani Money: https://youtube.com/@VishwavaniMoney
► Like us on Facebook:   https://www.facebook.com/vishwavaninews/
► Follow us on X: https://x.com/VishwavaniNews
► Follow us on Instagram: https://www.instagram.com/vishwavanitv/

#Vishwavaninews #Vishwavanitv #KannadaNews #LatestKannadaNews #Vishwavanitv #BreakingNewsKannada #KannadaBreakingNews #KannadaNewsLive #KannadaNewsUpdate #KannadaNewsLatest #LiveKannadaNews #KannadaLiveNews #KannadaLiveTV #KannadaNewsChannel #KarnatakaLatestNews #TodayNews #LiveNews #NewsHeadlines #VishwavaniNewsKannada 

Kannada News | Latest Kannada News | Vishwavani TV | Breaking News Kannada | Kannada Breaking News | Kannada News Live | Kannada News Update | Kannada News Latest | Live Kannada News | Kannada Live News | Kannada Live TV | Kannada News Channel | Karnataka Latest News | Today News | Live News | News Headlines | Vishwavani TV  Kannada
#vishwavanitvspecial

Disclaimer | The Video Content has been made available for informational and educational purposes only. Vishwavani TV Special does not make any representation or warranties with respect to the accuracy, applicability, fitness, or completeness of the Video Content. The Video Content is not intended to be a substitute for professional medical advice, diagnosis, or treatment. Always seek the advice of your physician or other qualified health provider with any questions you may have regarding a medical condition.",kn,PT6M53S,2d,hd,false,True,rectangular,13581,738,0,85,https://i.ytimg.com/vi/psuDntKA8Jw/maxresdefault.jpg,1280.0,720.0,,
youtube#video,Js6CwxFzJShKwO949ydIkiZQD1o,GZ0Nu2CVZb4,2026-08-18T11:31:50Z,UCWRmZvwkp6oNca2wW3uFcFg,I Became a GIRL & PRANKED Girl Streamers,,https://i.ytimg.com/vi/GZ0Nu2CVZb4/default.jpg,120,90,https://i.ytimg.com/vi/GZ0Nu2CVZb4/mqdefault.jpg,320,180,https://i.ytimg.com/vi/GZ0Nu2CVZb4/hqdefault.jpg,480,360,https://i.ytimg.com/vi/GZ0Nu2CVZb4/sddefault.jpg,640,480,SATVIK,,20,none,en,I Became a GIRL & PRANKED Girl Streamers,,hi,PT24M16S,2d,hd,false,True,rectangular,956602,26444,0,2461,https://i.ytimg.com/vi/GZ0Nu2CVZb4/maxresdefault.jpg,1280.0,720.0,,
youtube#video,txQA4W7vi8MjVagHdDkIjkTqY2M,ajbZlebglTc,2026-08-19T12:51:31Z,UCC2sLxoUETQgpz8d5R8sWoQ,315 | Sanjay Yaduvanshi | OFFICAIL VIDEO,"315 | Sanjay Yaduvanshi | OFFICAIL VIDEO

Singer / Composer / Lyrics - Sanjay Yaduvanshi
Music - Ankur Yadav
Mixing and Recording - BABUL YADAV
Shooting - AK Films ,
Label / Company - Sanjay Sultanpuriya 
Digital - The Orchard Express......


1) - This video is created solely for entertainment purposes and has no connection to real life. The weapons, objects, costumes, and characters shown in this video are entirely fictional, and any resemblance to real persons, events, or places is purely coincidental.""

2) - Copyright Disclaimer under section 107 of the copyright act 1976, allowance is made for ''fair use"" for purposes such as Criticism , Comment, news reporting, scholarship and research.
Fair use is a use permitted by copyright statute that might.
Otherwise be infringing. Non-profit, educational or personal use tips the balance in favour of fair use . No Copyright infringement intended

      #sanjayyaduvanshi #sanjaysultanpuriya",https://i.ytimg.com/vi/ajbZlebglTc/default.jpg,120,90,https://i.ytimg.com/vi/ajbZlebglTc/mqdefault.jpg,320,180,https://i.ytimg.com/vi/ajbZlebglTc/hqdefault.jpg,480,360,https://i.ytimg.com/vi/ajbZlebglTc/sddefault.jpg,640,480,Sanjay Sultanpuriya ,,10,none,en-IN,315 | Sanjay Yaduvanshi | OFFICAIL VIDEO,"315 | Sanjay Yaduvanshi | OFFICAIL VIDEO

Singer / Composer / Lyrics - Sanjay Yaduvanshi
Music - Ankur Yadav
Mixing and Recording - BABUL YADAV
Shooting - AK Films ,
Label / Company - Sanjay Sultanpuriya 
Digital - The Orchard Express......


1) - This video is created solely for entertainment purposes and has no connection to real life. The weapons, objects, costumes, and characters shown in this video are entirely fictional, and any resemblance to real persons, events, or places is purely coincidental.""

2) - Copyright Disclaimer under section 107 of the copyright act 1976, allowance is made for ''fair use"" for purposes such as Criticism , Comment, news reporting, scholarship and research.
Fair use is a use permitted by copyright statute that might.
Otherwise be infringing. Non-profit, educational or personal use tips the balance in favour of fair use . No Copyright infringement intended

      #sanjayyaduvanshi #sanjaysultanpuriya",en-IN,PT2M48S,2d,hd,false,True,rectangular,214835,14138,0,1197,https://i.ytimg.com/vi/ajbZlebglTc/maxresdefault.jpg,1280.0,720.0,,
youtube#video,RV2YMESKmI4E5Ly3cmoLbwx4-8A,rbQEoVzHNSE,2026-08-17T06:25:03Z,UCjexOFMMQSwvQOn_uOfPJMA,"Prem Keetanu | Official Teaser |Veer, Aparshakti, Aafiya, Nikhil, Rakesh B, Apoorv| In Cinemas 2 Oct","Gaurav Verma & Phars Film Present
In Association Bhavana Studios 
An Avanika Films Production 
Starring: Veer Pahariya, Aparshakti Khurana, Rakesh Bedi, Nikhil Vijay 
Introducing: Aafiya Sayed
Directed by: Apoorv Singh Karki 
Produced by: Gaurav Verma
Co-Produced by: Dharam Soni 
Associate Producer: Deepak Upreti
Written by: Deepak Kingrani
DOP: Arjun Kukreti
Editor: Ritesh Soni 
Music: Sachet Parampara, Annkur R Pathakk, Rahul Mishra, The Risk, Shashi Suman
Lyrics by: Kunaal Vermaa, Sachin Urmtosh, Prince Dubey, Sandeep Singh Sardaraa, Meer
Singers: Sachet Tandon, Parampara Tandon, B Praak, The Rish, Armaan Malik, Papon, Jubin Nautyal, Madhur Sharma, Altamash Faridi, Shashi Suman, Brijesh Shandilya, Little Bhatia, Mazemusicc
Background Score: Ketan Sodha
Sound Designer: Anirban Sengupta
Re-recording Engineer: Sudeepta Sadhukhan
Production Sound Mixer: Manish Kamble
Associate Director: Ashish Prashar 
Choreographer: Tejaswi Shetty
Casting Director: Rahul Tanwar
Constume Stylist: Veera Kapur EE
Production Designer: Ambika Acharya
DI & VFX Studio: Futureworks
Colorist: Nirmal Sharma
VFX Creative Head: Vinay Singh Chuphal 
Digital Marketing: Everymedia Technologies Pvt Ltd.
PR: Communique Film PR
Make up: Mansi K Sangwan 
Line Production: Danish Ansari 
Post Producer: Kapil Limbad
Legal: Hirani & Associates
Financial Advisor: Karda & Co
Publicity Design: House of Awe
Visual Promotions: Feed The Wolf


Undi Bundi Song Composed by: Shashi Suman, Lyricist: Sandeep Singh Sardaraa, Singers: Shashi Suman, Brijesh Shandilya, Little Bhatia, Mazemusicc

Follow us on:
Instagram: https://www.instagram.com/avanikafilms/
Facebook: https://www.facebook.com/profile.php?id=61579458753312
Twitter: https://x.com/avanikafilms",https://i.ytimg.com/vi/rbQEoVzHNSE/default.jpg,120,90,https://i.ytimg.com/vi/rbQEoVzHNSE/mqdefault.jpg,320,180,https://i.ytimg.com/vi/rbQEoVzHNSE/hqdefault.jpg,480,360,https://i.ytimg.com/vi/rbQEoVzHNSE/sddefault.jpg,640,480,Avanika Films,"['prem keetanu', 'prem keetanu trailer', 'prem keetanu teaser', 'prem keetanu movie', 'prem keetanu songs', 'veer pahariya', 'veer pahariya new movie', 'aparshakti khurana', 'aparshakti khurana new movie', 'aafiya sayed', 'apoorv singh karki', 'bollywood trailer', 'new bollywood trailer', 'hindi movie trailer', 'romantic comedy movie', 'comedy drama movie', 'rakesh bedi', 'nikhil vijay', 'latest hindi trailer', '2026 bollywood movie', 'dhurandhar 2', 'dhurandhar 2 full movie', 'dhurandhar', 'stree 2']",22,none,en,"Prem Keetanu | Official Teaser |Veer, Aparshakti, Aafiya, Nikhil, Rakesh B, Apoorv| In Cinemas 2 Oct","Gaurav Verma & Phars Film Present
In Association Bhavana Studios 
An Avanika Films Production 
Starring: Veer Pahariya, Aparshakti Khurana, Rakesh Bedi, Nikhil Vijay 
Introducing: Aafiya Sayed
Directed by: Apoorv Singh Karki 
Produced by: Gaurav Verma
Co-Produced by: Dharam Soni 
Associate Producer: Deepak Upreti
Written by: Deepak Kingrani
DOP: Arjun Kukreti
Editor: Ritesh Soni 
Music: Sachet Parampara, Annkur R Pathakk, Rahul Mishra, The Risk, Shashi Suman
Lyrics by: Kunaal Vermaa, Sachin Urmtosh, Prince Dubey, Sandeep Singh Sardaraa, Meer
Singers: Sachet Tandon, Parampara Tandon, B Praak, The Rish, Armaan Malik, Papon, Jubin Nautyal, Madhur Sharma, Altamash Faridi, Shashi Suman, Brijesh Shandilya, Little Bhatia, Mazemusicc
Background Score: Ketan Sodha
Sound Designer: Anirban Sengupta
Re-recording Engineer: Sudeepta Sadhukhan
Production Sound Mixer: Manish Kamble
Associate Director: Ashish Prashar 
Choreographer: Tejaswi Shetty
Casting Director: Rahul Tanwar
Constume Stylist: Veera Kapur EE
Production Designer: Ambika Acharya
DI & VFX Studio: Futureworks
Colorist: Nirmal Sharma
VFX Creative Head: Vinay Singh Chuphal 
Digital Marketing: Everymedia Technologies Pvt Ltd.
PR: Communique Film PR
Make up: Mansi K Sangwan 
Line Production: Danish Ansari 
Post Producer: Kapil Limbad
Legal: Hirani & Associates
Financial Advisor: Karda & Co
Publicity Design: House of Awe
Visual Promotions: Feed The Wolf


Undi Bundi Song Composed by: Shashi Suman, Lyricist: Sandeep Singh Sardaraa, Singers: Shashi Suman, Brijesh Shandilya, Little Bhatia, Mazemusicc

Follow us on:
Instagram: https://www.instagram.com/avanikafilms/
Facebook: https://www.facebook.com/profile.php?id=61579458753312
Twitter: https://x.com/avanikafilms",en,PT1M7S,2d,hd,true,False,rectangular,10382367,3072,0,218,https://i.ytimg.com/vi/rbQEoVzHNSE/maxresdefault.jpg,1280.0,720.0,,
youtube#video,wBq-N6e8jm_cfFkblp-dYSYke_c,IjHYUAJnsgQ,2026-08-19T14:19:32Z,UCJS4UHGP6Q3BI-0ZIGrGXgw,VERITY vs SECURITY HOUSE in Minecraft!,"Yo guyss, in this video verity vs security house in minecraft!☀️

Like Aim: 13,500 
⏺️Instagram🔽
https://www.instagram.com/junkeyy05/

#minecraft #minecrafthindi #junkeyy",https://i.ytimg.com/vi/IjHYUAJnsgQ/default.jpg,120,90,https://i.ytimg.com/vi/IjHYUAJnsgQ/mqdefault.jpg,320,180,https://i.ytimg.com/vi/IjHYUAJnsgQ/hqdefault.jpg,480,360,https://i.ytimg.com/vi/IjHYUAJnsgQ/sddefault.jpg,640,480,Junkeyy,"['verity vs security house in minecraft', 'verity minecraft', 'carrydepie', 'proboiz95', 'junkeyy']",20,none,en,VERITY vs SECURITY HOUSE in Minecraft!,"Yo guyss, in this video verity vs security house in minecraft!☀️

Like Aim: 13,500 
⏺️Instagram🔽
https://www.instagram.com/junkeyy05/

#minecraft #minecrafthindi #junkeyy",en-IN,PT18M3S,2d,hd,false,True,rectangular,361997,7699,0,622,https://i.ytimg.com/vi/IjHYUAJnsgQ/maxresdefault.jpg,1280.0,720.0,,
youtube#video,hfTBLAy9eWosstCyIIlnbor25zI,ZBFzUSdS2nI,2026-08-19T09:02:58Z,UCI5OIwx9z32Zurb8t4Umzwg,BiiiG,"Provided to YouTube by YG PLUS (YGE)

BiiiG · BIGBANG

BiiiG

℗ YG Entertainment

Released on: 2026-08-19

Lyricist: G-DRAGON
Lyricist: lil aaron
Lyricist: Kaine
Composer: KUSH
Composer: G-DRAGON
Composer: IDO
Composer: TARZZAN
Composer: lil aaron
Composer: Kaine
Composer: 24
Composer: TEDDY
Arranger: IDO
Arranger: BLOODY
Producer: IDO
Producer: BLOODY
Recording Engineer: Gun Yun
Mixing Engineer: Josh Gudwin
Mastering Engineer: Chris Gehringer

Auto-generated by YouTube.",https://i.ytimg.com/vi/ZBFzUSdS2nI/default.jpg,120,90,https://i.ytimg.com/vi/ZBFzUSdS2nI/mqdefault.jpg,320,180,https://i.ytimg.com/vi/ZBFzUSdS2nI/hqdefault.jpg,480,360,https://i.ytimg.com/vi/ZBFzUSdS2nI/sddefault.jpg,640,480,BIGBANG - Topic,"['BIGBANG', 'BiiiG']",10,none,en,BiiiG,"Provided to YouTube by YG PLUS (YGE)

BiiiG · BIGBANG

BiiiG

℗ YG Entertainment

Released on: 2026-08-19

Lyricist: G-DRAGON
Lyricist: lil aaron
Lyricist: Kaine
Composer: KUSH
Composer: G-DRAGON
Composer: IDO
Composer: TARZZAN
Composer: lil aaron
Composer: Kaine
Composer: 24
Composer: TEDDY
Arranger: IDO
Arranger: BLOODY
Producer: IDO
Producer: BLOODY
Recording Engineer: Gun Yun
Mixing Engineer: Josh Gudwin
Mastering Engineer: Chris Gehringer

Auto-generated by YouTube.",ko,PT2M45S,2d,hd,false,True,rectangular,1280382,39351,0,2365,https://i.ytimg.com/vi/ZBFzUSdS2nI/maxresdefault.jpg,1280.0,720.0,,"['AD', 'AE', 'AF', 'AG', 'AI', 'AL', 'AM', 'AO', 'AQ', 'AR', 'AS', 'AT', 'AU', 'AW', 'AX', 'AZ', 'BA', 'BB', 'BD', 'BE', 'BF', 'BG', 'BH', 'BI', 'BJ', 'BL', 'BM', 'BN', 'BO', 'BQ', 'BR', 'BS', 'BT', 'BV', 'BW', 'BY', 'BZ', 'CA', 'CC', 'CD', 'CF', 'CG', 'CH', 'CI', 'CK', 'CL', 'CM', 'CN', 'CO', 'CR', 'CU', 'CV', 'CW', 'CX', 'CY', 'CZ', 'DE', 'DJ', 'DK', 'DM', 'DO', 'DZ', 'EC', 'EE', 'EG', 'EH', 'ER', 'ES', 'ET', 'FI', 'FJ', 'FK', 'FM', 'FO', 'FR', 'GA', 'GB', 'GD', 'GE', 'GF', 'GG', 'GH', 'GI', 'GL', 'GM', 'GN', 'GP', 'GQ', 'GR', 'GS', 'GT', 'GU', 'GW', 'GY', 'HK', 'HM', 'HN', 'HR', 'HT', 'HU', 'ID', 'IE', 'IL', 'IM', 'IN', 'IO', 'IQ', 'IR', 'IS', 'IT', 'JE', 'JM', 'JO', 'JP', 'KE', 'KG', 'KH', 'KI', 'KM', 'KN', 'KP', 'KR', 'KW', 'KY', 'KZ', 'LA', 'LB', 'LC', 'LI', 'LK', 'LR', 'LS', 'LT', 'LU', 'LV', 'LY', 'MA', 'MC', 'MD', 'ME', 'MF', 'MG', 'MH', 'MK', 'ML', 'MM', 'MN', 'MO', 'MP', 'MQ', 'MR', 'MS', 'MT', 'MU', 'MV', 'MW', 'MX', 'MY', 'MZ', 'NA', 'NC', 'NE', 'NF', 'NG', 'NI', 'NL', 'NO', 'NP', 'NR', 'NU', 'NZ', 'OM', 'PA', 'PE', 'PF', 'PG', 'PH', 'PK', 'PL', 'PM', 'PN', 'PR', 'PS', 'PT', 'PW', 'PY', 'QA', 'RE', 'RO', 'RS', 'RU', 'RW', 'SA', 'SB', 'SC', 'SD', 'SE', 'SG', 'SH', 'SI', 'SJ', 'SK', 'SL', 'SM', 'SN', 'SO', 'SR', 'SS', 'ST', 'SV', 'SX', 'SY', 'SZ', 'TC', 'TD', 'TF', 'TG', 'TH', 'TJ', 'TK', 'TL', 'TM', 'TN', 'TO', 'TR', 'TT', 'TV', 'TW', 'TZ', 'UA', 'UG', 'UM', 'US', 'UY', 'UZ', 'VA', 'VC', 'VE', 'VG', 'VI', 'VN', 'VU', 'WF', 'WS', 'YE', 'YT', 'ZA', 'ZM', 'ZW']"
youtube#video,j49UBKemQOlbb67J-SHfSQ6Ci7w,oi2QgPH61JM,2026-08-20T02:00:24Z,UC6NvS8_TrfDcCK65KawCxZg,Black Myth: Zhong Kui – 15 Minutes Gameplay Trailer,"With blood beneath my blade, I paint new rouge upon my face,
An old friend visits, in a dream taking place.
Old faces, bygone deeds, have vanished from my sight,
Still, I remember every one, by day and through the night.
Those bound by love grow old; the righteous road runs long;
Today's notes of grace or grudge define not the final song.
Who says the Underworld is far away? 
All the better—once more I'll walk along.

Today, Game Science unveils a brand-new 15-minute gameplay trailer for Black Myth: Zhong Kui, the second title in the Black Myth series. The trailer offers a first look at the protagonist in combat, along with a glimpse of the story.

As the game is still in early development, all footage was captured in-game from a work-in-progress build running at a 21:9 aspect ratio. The final release may differ.

Official Website: https://gamesci.cn/zhongkui",https://i.ytimg.com/vi/oi2QgPH61JM/default.jpg,120,90,https://i.ytimg.com/vi/oi2QgPH61JM/mqdefault.jpg,320,180,https://i.ytimg.com/vi/oi2QgPH61JM/hqdefault.jpg,480,360,https://i.ytimg.com/vi/oi2QgPH61JM/sddefault.jpg,640,480,Black Myth,,20,none,en,Black Myth: Zhong Kui – 15 Minutes Gameplay Trailer,"With blood beneath my blade, I paint new rouge upon my face,
An old friend visits, in a dream taking place.
Old faces, bygone deeds, have vanished from my sight,
Still, I remember every one, by day and through the night.
Those bound by love grow old; the righteous road runs long;
Today's notes of grace or grudge define not the final song.
Who says the Underworld is far away? 
All the better—once more I'll walk along.

Today, Game Science unveils a brand-new 15-minute gameplay trailer for Black Myth: Zhong Kui, the second title in the Black Myth series. The trailer offers a first look at the protagonist in combat, along with a glimpse of the story.

As the game is still in early development, all footage was captured in-game from a work-in-progress build running at a 21:9 aspect ratio. The final release may differ.

Official Website: https://gamesci.cn/zhongkui",en,PT15M53S,2d,hd,false,False,rectangular,1079772,81888,0,9001,https://i.ytimg.com/vi/oi2QgPH61JM/maxresdefault.jpg,1280.0,720.0,,
youtube#video,J6JqLCYHWX8tvizTGkx9cKUoH10,ODYYEFhFlNA,2026-08-20T08:30:18Z,UCH_aBZWy8MAGVYHRCU-OUPQ,Saving All Famous Ben 10 Aliens From Scary Entities In Minecraft!!!,"Saving All Famous Ben 10 Aliens From Scary Entities In Minecraft!!!

Share, Support, Subscribe!!!
📷Instagram: https://www.instagram.com/mralpha13_/
Join Discord: https://discord.com/invite/nUuaWxPgpW

Subscribe My Other Youtube Channels!!!
❤️ AlphaXD: https://www.youtube.com/@AlphaXD2005
❤️ AlphaExtra: https://www.youtube.com/@AlphaExtraOfficial

For Business Enquiry!!!
📧mralpha13official@gmail.com

#minecraft #minecraftmyth #scary #minecraftscary  #mineflux #mrgamerjay #horrorgaming #eystreem",https://i.ytimg.com/vi/ODYYEFhFlNA/default.jpg,120,90,https://i.ytimg.com/vi/ODYYEFhFlNA/mqdefault.jpg,320,180,https://i.ytimg.com/vi/ODYYEFhFlNA/hqdefault.jpg,480,360,https://i.ytimg.com/vi/ODYYEFhFlNA/sddefault.jpg,640,480,MrAlpha,"['Eystreem', 'minecraft', 'roleplay', 'funny', 'secret', 'hidden', 'minecraft phone', 'minecraft bedrock edition', 'solving minecrafts most strange mysteries', 'solving minecraft mysteries', 'solving minecraft myths', 'scary minecraft myths', 'scary minecraft mysteries', 'unsolved mysteries in minecraft', 'busting minecraft mysteries', 'scary minecraft seeds', 'scary minecraft stories', 'mralpha13', 'scary', 'proboize95', 'dark minecraft mystery', 'Solving Minecraft’s Most Strange Conspiracy Theories', 'scary ritual', 'MrAlpha']",20,none,en,Saving All Famous Ben 10 Aliens From Scary Entities In Minecraft!!!,"Saving All Famous Ben 10 Aliens From Scary Entities In Minecraft!!!

Share, Support, Subscribe!!!
📷Instagram: https://www.instagram.com/mralpha13_/
Join Discord: https://discord.com/invite/nUuaWxPgpW

Subscribe My Other Youtube Channels!!!
❤️ AlphaXD: https://www.youtube.com/@AlphaXD2005
❤️ AlphaExtra: https://www.youtube.com/@AlphaExtraOfficial

For Business Enquiry!!!
📧mralpha13official@gmail.com

#minecraft #minecraftmyth #scary #minecraftscary  #mineflux #mrgamerjay #horrorgaming #eystreem",hi,PT34M35S,2d,hd,false,True,rectangular,106024,1446,0,78,https://i.ytimg.com/vi/ODYYEFhFlNA/maxresdefault.jpg,1280.0,720.0,,
youtube#video,E8xl_AfdjSPEiRwCjGVcpF6eVEY,OFYTBT0xcq8,2026-08-16T12:24:16Z,UCYMtStXgrEBOmy2qqzgelkA,Kitni Bechain Hoke - (Lyrical) | Alka Yagnik | Udit Narayan | Aftab Shivdasani | Romantic Song,"Experience the emotional depth of this captivating song from the film Kasoor, featuring the talented duo Aftab Shivdasani and Lisa Ray. This heartfelt track beautifully sung by Alka Yagnik and Udit Narayan, encapsulates the feelings of love and longing, making it a timeless favorite among Bollywood music lovers.

🌟 Don't forget to like, share, and subscribe for more beautiful Bollywood songs @AlkaYagnikHits-n3q 

Song: Kitni Bechain Hoke
Film: Kasoor
Mood: Happy
Artist: Alka Yagnik & Udit Narayan
Music Director: Nadeem-Shravan
Lyricist: Sameer
Film Star: Aftab Shivdasani, Liza Ray
Director: Vikram Bhatt

#KitniBechainHoke
#AlkaYagnik
#UditNarayan
#AftabShivdasani
#LisaRay
#Kasoor
#RomanticSong
#BollywoodMusic
#HindiFilmSongs
#TimelessMelodies
#LoveSongs
#NostalgicMusic
#ClassicBollywood",https://i.ytimg.com/vi/OFYTBT0xcq8/default.jpg,120,90,https://i.ytimg.com/vi/OFYTBT0xcq8/mqdefault.jpg,320,180,https://i.ytimg.com/vi/OFYTBT0xcq8/hqdefault.jpg,480,360,https://i.ytimg.com/vi/OFYTBT0xcq8/sddefault.jpg,640,480,Y2K Bollywood Hits,,22,none,en,Kitni Bechain Hoke - (Lyrical) | Alka Yagnik | Udit Narayan | Aftab Shivdasani | Romantic Song,"Experience the emotional depth of this captivating song from the film Kasoor, featuring the talented duo Aftab Shivdasani and Lisa Ray. This heartfelt track beautifully sung by Alka Yagnik and Udit Narayan, encapsulates the feelings of love and longing, making it a timeless favorite among Bollywood music lovers.

🌟 Don't forget to like, share, and subscribe for more beautiful Bollywood songs @AlkaYagnikHits-n3q 

Song: Kitni Bechain Hoke
Film: Kasoor
Mood: Happy
Artist: Alka Yagnik & Udit Narayan
Music Director: Nadeem-Shravan
Lyricist: Sameer
Film Star: Aftab Shivdasani, Liza Ray
Director: Vikram Bhatt

#KitniBechainHoke
#AlkaYagnik
#UditNarayan
#AftabShivdasani
#LisaRay
#Kasoor
#RomanticSong
#BollywoodMusic
#HindiFilmSongs
#TimelessMelodies
#LoveSongs
#NostalgicMusic
#ClassicBollywood",hi,PT7M15S,2d,hd,false,True,rectangular,350629,345,0,3,https://i.ytimg.com/vi/OFYTBT0xcq8/maxresdefault.jpg,1280.0,720.0,,
youtube#video,ZRcoJvBuM4Z2j_Unbd86K8igFy4,PZEtSHXpDiY,2026-08-19T14:46:55Z,UCAXxuSl8n8cXU62ZIzFL0qg,"Film Talk | Jailer 2 - 1st Song SAMBAVAM, Dharman, TOXIC, HI Trailer | Today's Update","Film Talk | Jailer 2 - 1st Song SAMBAVAM, Dharman, TOXIC, HI Trailer | Today's Update #FilmTalkTrendswood 

Jailer 2 : youtu.be/4-S37Op6iqI",https://i.ytimg.com/vi/PZEtSHXpDiY/default.jpg,120,90,https://i.ytimg.com/vi/PZEtSHXpDiY/mqdefault.jpg,320,180,https://i.ytimg.com/vi/PZEtSHXpDiY/hqdefault.jpg,480,360,https://i.ytimg.com/vi/PZEtSHXpDiY/sddefault.jpg,640,480,Trendswood Tv,"['tamil cinema news', 'cinema updates', 'latest cinema news', 'kollywood updates', 'kollywood news']",24,none,en,"Film Talk | Jailer 2 - 1st Song SAMBAVAM, Dharman, TOXIC, HI Trailer | Today's Update","Film Talk | Jailer 2 - 1st Song SAMBAVAM, Dharman, TOXIC, HI Trailer | Today's Update #FilmTalkTrendswood 

Jailer 2 : youtu.be/4-S37Op6iqI",ta,PT1M44S,2d,hd,false,True,rectangular,28711,2158,0,35,https://i.ytimg.com/vi/PZEtSHXpDiY/maxresdefault.jpg,1280.0,720.0,,
youtube#video,vOElr3n9RFggiZX_gnShnE0fU1w,ww1JSKw1XZc,2026-08-20T11:17:59Z,UCf6tI0ykRcPOCQuXRmMhnWQ,GTA 5 LIVE #gta5 #gtav #gaming,#gta #gtav #gta5 #gta6 #gaming #shortsfeed #shortslive,https://i.ytimg.com/vi/ww1JSKw1XZc/default.jpg,120,90,https://i.ytimg.com/vi/ww1JSKw1XZc/mqdefault.jpg,320,180,https://i.ytimg.com/vi/ww1JSKw1XZc/hqdefault.jpg,480,360,https://i.ytimg.com/vi/ww1JSKw1XZc/sddefault.jpg,640,480,HR20 GamerZ,"['gta v', 'gta 5', 'gta v live', 'gta 5 live', 'gta v gameplay', 'gta 5 gameplay', 'gta live stream', 'gta v funny', 'gta 5 funny', 'hr20 gamerz']",20,none,en-IN,GTA 5 LIVE #gta5 #gtav #gaming,#gta #gtav #gta5 #gta6 #gaming #shortsfeed #shortslive,hi,PT1H1M35S,2d,hd,false,True,rectangular,196987,1312,0,0,https://i.ytimg.com/vi/ww1JSKw1XZc/maxresdefault.jpg,1280.0,720.0,,
youtube#video,g5FNqx6TEKWMivymqCTSZIiUrNI,2oOWoN8IAF0,2026-08-19T10:30:02Z,UCGByLIXv-_JMjW2xUwC9mmA,TREAT ME SPECIAL | RAWME HOODA | MC SQUARE | OFFICIAL MUSIC VIDEO | DESI HIP HOP HARYANVI SONG,"Two voices. One vibe. Treat Me Special - Rawme Hooda × MC Square Out Now 🔥

Subscribe: https://www.youtube.com/channel/UCGByLIXv-_JMjW2xUwC9mmA

This is RAWme Hooda - https://youtube.com/playlist?list=PL8Qaa55AsmWpWOl6W3SFCBaLv2hK5zHYB&si=EK_k8lt2wCeze__Z

Credits:
Song Title: Treat Me Special (EP) 
Singer/Lyricist: RAWme Hooda, MC SQUARE 
Composer: RAWme Hooda 
Music: Nishit Basumatary
Mix/Master: Hanish Taneja 
Female Lead: Rubal Chauhan
Video directed by: Nishit Basumatary & Kaalpnik 
D.O.P: Kaalpnik 
Editor: Nishit Basumatary 
Color Grading: inkblazestudios
Hair: Asif (Hair Haus) 
Makeup: Vishal 
Project by: Yogesh Sehwag 
Special Thanks: Sehajpal Singh Sidhu
Label: Rawme Hooda Music
Digitally Managed By: Unisys Infosolutions

#rawmehooda #mcsquare #hiphop 

Song Lyrics:
(Rawme Hooda)
Chaal Dikha Oye Saaki Kinna Bottle-an M Dum
Ja Juban Ni Hilegi Kyunki Vocalan M Dum 
Mere Kalle M S Jinna Konya Totalan M Dum 
R Globally Dikhega Kinna Localan M Dum 

Dikha Oye Saaki Kinna Bottle-an M Dum
Ja Juban Ni Hilegi Kyunki Vocalan M Dum 
Mere Kalle M S Jinna Konya Totalan M Dum 
R Globally Dikhega Kinna Localan M Dum 

Naam Dadal Diyo Boli N J Lipi Na Banadyun 
Jindran (my village) Mere N J Kati CP Na Banadyun
Meri Photuan N Logan Ki J Dp Na Banadyun
Mere Naam Ki Bajengi Saare Seeti Na Banadyun

In Desiyan Ki Fan Saari City Na Banadyun
Jake West M Bhi Apni Sanskriti Na Banadyun 
Rann Chodd Jyange Aisi Ranneeti Na Banadyun
Aj Sofi Hu M Gaana Ghna Trippy Na Banadyun 

Junse Khulde Ni Taale Unki 2 Key Na Banadyun 
Jo Ye Garjein Sain Dekh Inne Lowkey Na Banadyun
Bat Gindi Chodd K M Hip Hop Hi Na Banadyun
Coming Album M Thode Bohte Pop Hi Na Banadyun 

Worldwide Haryana N J Top Hi Na Banadyun 
Apne Doobde Jab Dikhe To M Boat Hi Na Banadyun 
Thoda Thoda Kar K N M Alot Hi Na Banadyun
Oo Chaand Mere Chaand P Plot Hi Na Banadyun 

One And Only Ala R M Slot Hi Na Banadyun
Jo Bhi Baat Muh T Likde Usne Quote Hi Na Banadyun
Saari Gaatran Ki Chataan N J Kothi Na Banadyun 
Paet Bhookhe Jade Dikhein Ude Roti Na Banadyun

Har Badi Cheez N Re J M Chhoti Na Banadyun 
R Swadan M E Bhaari Visfot Hi Na Banadyun
Inki Zindagi N Zinde Ji E Maut Hi Na Banadyun
Naam Badal Diyo Dinner M J Goat Hi Na Banadyun 

Chaal Dikha Oye Saaki Kinna Bottle-an M Dum
Ja Juban Ni Hilegi Kyunki Vocalan M Dum 
Mere Kalle M S Jinna Konya Totalan M Dum 
R Globally Dikhega Kinna Localan M Dum 

Dikha Oye Saaki Kinna Bottle-an M Dum
Ja Juban Ni Hilegi Kyunki Vocalan M Dum 
Mere Kalle M S Jinna Konya Totalan M Dum 
R Globally Dikhega Kinna Localan M Dum 

(MC SQUARE)
Deekhe Top Ke Likhari Aaj Jhoti Na Banadyun
Tera Rapstar Hip Hop Ka Goti Na Banadyun
Bronx Aud Te Aayi Ne Meri Votti Na Banadyun
GOAT Rapperan Ki Dekh Liye Thoddi Na Banadyun

Culture Baad Baad Jeansaan Ne Dhoti Na Banadyun
Dhor Dangar Hai Ye Rapper Main Auti Na Banadyun
Scene Ghodwa Me 16,9 Ki Goddi Na Banadyun
Nishael Sorry Teri Beat Aaj Kodhi Na Banadyun

MTV Pe Chalu Mai Inhe Roadie Na Banadyun
Likhu Doonga Ghana Audience Goti Na Banadyun
Soch Rya Hu Desh Poora Hi Ferozi Na Banadyun
HHH Ka Mai Khud Ne Hi Modi Na Banadyun

Karte Rahve Catchup Track Thode Saucy Na Banadyun
Kare Soul Theek Geet Chhod Mochi Na Banadyun
OG Bane Fire Rapper Inhe Oggy Na Banadyun
TMKOC Ka Jetha Inhe Gogi Na Banadyun

Mama Foofi Aade Katthe Karke Fauj Hi Na Banadyun
Mere Gaam Ki Lugaad Saari Mauji Na Banadyun
Youtuberaan Ki Aaj Firte Roji Na Banadyun
Hooda Hip Hop Ne Aaj Teri Bhauji Na Banadyun

(Rawme Hooda)
Jodi Bani Rahve

Chaal Dikha Oye Saaki Kinna Bottle-an M Dum
Ja Juban Ni Hilegi Kyunki Vocalan M Dum 
Mere Kalle M S Jinna Konya Totalan M Dum 
R Globally Dikhega Kinna Localan M Dum 

Chal Dikha Oye Saaki Kinna Bottle-an M Dum
Ja Juban Ni Hilegi Kyunki Vocalan M Dum 
Mere Kalle M S Jinna Konya Totalan M Dum 
R Globally Dikhega Kinna Localan M Dum

Come on treat me special 
Come on treat me special 
Come on treat me special 
Come on treat me special
Bitch……",https://i.ytimg.com/vi/2oOWoN8IAF0/default.jpg,120,90,https://i.ytimg.com/vi/2oOWoN8IAF0/mqdefault.jpg,320,180,https://i.ytimg.com/vi/2oOWoN8IAF0/hqdefault.jpg,480,360,https://i.ytimg.com/vi/2oOWoN8IAF0/sddefault.jpg,640,480,RAWme Hooda,"['treat me special mc square', 'treat me special rawme hooda', 'treat me special', 'treat me special song', 'mc square', 'mc square new song', 'rawme hooda', 'rawme hooda new song', 'desi hip hop song', 'haryanvi rap song', 'haryanvi hip hop song']",10,none,eo,TREAT ME SPECIAL | RAWME HOODA | MC SQUARE | OFFICIAL MUSIC VIDEO | DESI HIP HOP HARYANVI SONG,"Two voices. One vibe. Treat Me Special - Rawme Hooda × MC Square Out Now 🔥

Subscribe: https://www.youtube.com/channel/UCGByLIXv-_JMjW2xUwC9mmA

This is RAWme Hooda - https://youtube.com/playlist?list=PL8Qaa55AsmWpWOl6W3SFCBaLv2hK5zHYB&si=EK_k8lt2wCeze__Z

Credits:
Song Title: Treat Me Special (EP) 
Singer/Lyricist: RAWme Hooda, MC SQUARE 
Composer: RAWme Hooda 
Music: Nishit Basumatary
Mix/Master: Hanish Taneja 
Female Lead: Rubal Chauhan
Video directed by: Nishit Basumatary & Kaalpnik 
D.O.P: Kaalpnik 
Editor: Nishit Basumatary 
Color Grading: inkblazestudios
Hair: Asif (Hair Haus) 
Makeup: Vishal 
Project by: Yogesh Sehwag 
Special Thanks: Sehajpal Singh Sidhu
Label: Rawme Hooda Music
Digitally Managed By: Unisys Infosolutions

#rawmehooda #mcsquare #hiphop 

Song Lyrics:
(Rawme Hooda)
Chaal Dikha Oye Saaki Kinna Bottle-an M Dum
Ja Juban Ni Hilegi Kyunki Vocalan M Dum 
Mere Kalle M S Jinna Konya Totalan M Dum 
R Globally Dikhega Kinna Localan M Dum 

Dikha Oye Saaki Kinna Bottle-an M Dum
Ja Juban Ni Hilegi Kyunki Vocalan M Dum 
Mere Kalle M S Jinna Konya Totalan M Dum 
R Globally Dikhega Kinna Localan M Dum 

Naam Dadal Diyo Boli N J Lipi Na Banadyun 
Jindran (my village) Mere N J Kati CP Na Banadyun
Meri Photuan N Logan Ki J Dp Na Banadyun
Mere Naam Ki Bajengi Saare Seeti Na Banadyun

In Desiyan Ki Fan Saari City Na Banadyun
Jake West M Bhi Apni Sanskriti Na Banadyun 
Rann Chodd Jyange Aisi Ranneeti Na Banadyun
Aj Sofi Hu M Gaana Ghna Trippy Na Banadyun 

Junse Khulde Ni Taale Unki 2 Key Na Banadyun 
Jo Ye Garjein Sain Dekh Inne Lowkey Na Banadyun
Bat Gindi Chodd K M Hip Hop Hi Na Banadyun
Coming Album M Thode Bohte Pop Hi Na Banadyun 

Worldwide Haryana N J Top Hi Na Banadyun 
Apne Doobde Jab Dikhe To M Boat Hi Na Banadyun 
Thoda Thoda Kar K N M Alot Hi Na Banadyun
Oo Chaand Mere Chaand P Plot Hi Na Banadyun 

One And Only Ala R M Slot Hi Na Banadyun
Jo Bhi Baat Muh T Likde Usne Quote Hi Na Banadyun
Saari Gaatran Ki Chataan N J Kothi Na Banadyun 
Paet Bhookhe Jade Dikhein Ude Roti Na Banadyun

Har Badi Cheez N Re J M Chhoti Na Banadyun 
R Swadan M E Bhaari Visfot Hi Na Banadyun
Inki Zindagi N Zinde Ji E Maut Hi Na Banadyun
Naam Badal Diyo Dinner M J Goat Hi Na Banadyun 

Chaal Dikha Oye Saaki Kinna Bottle-an M Dum
Ja Juban Ni Hilegi Kyunki Vocalan M Dum 
Mere Kalle M S Jinna Konya Totalan M Dum 
R Globally Dikhega Kinna Localan M Dum 

Dikha Oye Saaki Kinna Bottle-an M Dum
Ja Juban Ni Hilegi Kyunki Vocalan M Dum 
Mere Kalle M S Jinna Konya Totalan M Dum 
R Globally Dikhega Kinna Localan M Dum 

(MC SQUARE)
Deekhe Top Ke Likhari Aaj Jhoti Na Banadyun
Tera Rapstar Hip Hop Ka Goti Na Banadyun
Bronx Aud Te Aayi Ne Meri Votti Na Banadyun
GOAT Rapperan Ki Dekh Liye Thoddi Na Banadyun

Culture Baad Baad Jeansaan Ne Dhoti Na Banadyun
Dhor Dangar Hai Ye Rapper Main Auti Na Banadyun
Scene Ghodwa Me 16,9 Ki Goddi Na Banadyun
Nishael Sorry Teri Beat Aaj Kodhi Na Banadyun

MTV Pe Chalu Mai Inhe Roadie Na Banadyun
Likhu Doonga Ghana Audience Goti Na Banadyun
Soch Rya Hu Desh Poora Hi Ferozi Na Banadyun
HHH Ka Mai Khud Ne Hi Modi Na Banadyun

Karte Rahve Catchup Track Thode Saucy Na Banadyun
Kare Soul Theek Geet Chhod Mochi Na Banadyun
OG Bane Fire Rapper Inhe Oggy Na Banadyun
TMKOC Ka Jetha Inhe Gogi Na Banadyun

Mama Foofi Aade Katthe Karke Fauj Hi Na Banadyun
Mere Gaam Ki Lugaad Saari Mauji Na Banadyun
Youtuberaan Ki Aaj Firte Roji Na Banadyun
Hooda Hip Hop Ne Aaj Teri Bhauji Na Banadyun

(Rawme Hooda)
Jodi Bani Rahve

Chaal Dikha Oye Saaki Kinna Bottle-an M Dum
Ja Juban Ni Hilegi Kyunki Vocalan M Dum 
Mere Kalle M S Jinna Konya Totalan M Dum 
R Globally Dikhega Kinna Localan M Dum 

Chal Dikha Oye Saaki Kinna Bottle-an M Dum
Ja Juban Ni Hilegi Kyunki Vocalan M Dum 
Mere Kalle M S Jinna Konya Totalan M Dum 
R Globally Dikhega Kinna Localan M Dum

Come on treat me special 
Come on treat me special 
Come on treat me special 
Come on treat me special
Bitch……",bgc,PT4M11S,2d,hd,false,True,rectangular,180469,20021,0,1066,https://i.ytimg.com/vi/2oOWoN8IAF0/maxresdefault.jpg,1280.0,720.0,,
youtube#video,WAO1CFfX8sPO9eCqacNLYXdANKY,7vcOx7lXK7s,2026-08-18T15:04:37Z,UCz2e8E8lREYtYXFzZtvQ3HA,I am cooked... | Last Pirates,"Play Last Pirates - https://store.steampowered.com/app/4317790/Last_Pirates_Die_Together/
#lastpiratesdietogether

Instagram - @proboiz_95
Link - https://www.instagram.com/proboiz_95/",https://i.ytimg.com/vi/7vcOx7lXK7s/default.jpg,120,90,https://i.ytimg.com/vi/7vcOx7lXK7s/mqdefault.jpg,320,180,https://i.ytimg.com/vi/7vcOx7lXK7s/hqdefault.jpg,480,360,https://i.ytimg.com/vi/7vcOx7lXK7s/sddefault.jpg,640,480,ProBoii,"['repo', 'repo game', 'lethal company', 'lethal company game', 'gaming', 'proboiz', 'proboii']",20,none,en-US,I am cooked... | Last Pirates,"Play Last Pirates - https://store.steampowered.com/app/4317790/Last_Pirates_Die_Together/
#lastpiratesdietogether

Instagram - @proboiz_95
Link - https://www.instagram.com/proboiz_95/",en-IN,PT19M34S,2d,hd,false,True,rectangular,680756,25557,0,2065,https://i.ytimg.com/vi/7vcOx7lXK7s/maxresdefault.jpg,1280.0,720.0,,
youtube#video,csTZTOtVRr5HCfWugg4NRNREOng,ZYIWPnkXz5o,2026-08-17T05:30:07Z,UCdvPL04EnHCT3zaVFb3xydQ,Dhanda Nyoliwala - Panamera (Official Music Video),"Presenting the Fourth Track from the EP BIG PLANS — “PANAMERA”

🎧 Listen to Big Plans on:
Spotify : https://open.spotify.com/track/4dKbDy862O0C2ItBaJZovL
Apple Music : https://music.apple.com/in/album/panamera-single/6786484836



Artist: Dhanda Nyoliwala
Lyrics/Composer : Dhanda Nyoliwala
Music : Romeoz
Mix & Master : Ashock 
Producer : Dhanda Nyoliwala

Director - Deepesh Goyal
DOP - Vikcee
Editor/DI - Bharat Mittal/Deepesh Goyal
Asst Director - Ashish Khomera
Operator - Mukesh Sharma
EP - Raja
Stills - Ajay Dhiman
Stylist - Mandy Bains

Project Manager - Sumit Bamal
Digital Partner : Ally Entertainment
https://www.instagram.com/allydigital.in


Enquiries: info@dhandanyoliwala.co

#DhandaNyoliwala #Panamera #BigPlans

Enjoy & Stay connected with us..!!
-------------------------------------------------------------
► Subscribe to Dhanda Nyoliwala : http://bit.ly/3NwRxm1

► Follow  on Instagram : https://www.instagram.com/dhanda_nyoliwala

All Copyrights Reserved By ©️ Dhanda Nyoliwala",https://i.ytimg.com/vi/ZYIWPnkXz5o/default.jpg,120,90,https://i.ytimg.com/vi/ZYIWPnkXz5o/mqdefault.jpg,320,180,https://i.ytimg.com/vi/ZYIWPnkXz5o/hqdefault.jpg,480,360,https://i.ytimg.com/vi/ZYIWPnkXz5o/sddefault.jpg,640,480,Dhanda Nyoliwala,"['Dhanda Nyoliwala', 'Panamera Dhanda Nyoliwala', 'Big Plans', 'Big Plans EP', 'Dhanda Nyoliwala Panamera', 'Dhanda Nyoliwala new song', 'Dhanda Nyoliwala new music', 'Haryanvi song', 'Haryanvi songs', 'Haryanvi rap', 'Haryanvi rapper', 'Haryanvi hip hop', 'Haryanvi hip hop song', 'Desi hip hop', 'Indian hip hop', 'Indian rap', 'Haryana music', 'Haryanvi music', 'new Haryanvi song', 'latest Haryanvi song', 'Panamera song', 'Dhanda songs', 'Dhanda Nyoliwala songs', 'dhanda nyoliwala all songs']",10,none,en,Dhanda Nyoliwala - Panamera (Official Music Video),"Presenting the Fourth Track from the EP BIG PLANS — “PANAMERA”

🎧 Listen to Big Plans on:
Spotify : https://open.spotify.com/track/4dKbDy862O0C2ItBaJZovL
Apple Music : https://music.apple.com/in/album/panamera-single/6786484836



Artist: Dhanda Nyoliwala
Lyrics/Composer : Dhanda Nyoliwala
Music : Romeoz
Mix & Master : Ashock 
Producer : Dhanda Nyoliwala

Director - Deepesh Goyal
DOP - Vikcee
Editor/DI - Bharat Mittal/Deepesh Goyal
Asst Director - Ashish Khomera
Operator - Mukesh Sharma
EP - Raja
Stills - Ajay Dhiman
Stylist - Mandy Bains

Project Manager - Sumit Bamal
Digital Partner : Ally Entertainment
https://www.instagram.com/allydigital.in


Enquiries: info@dhandanyoliwala.co

#DhandaNyoliwala #Panamera #BigPlans

Enjoy & Stay connected with us..!!
-------------------------------------------------------------
► Subscribe to Dhanda Nyoliwala : http://bit.ly/3NwRxm1

► Follow  on Instagram : https://www.instagram.com/dhanda_nyoliwala

All Copyrights Reserved By ©️ Dhanda Nyoliwala",en,PT2M30S,2d,hd,false,False,rectangular,1611793,100046,0,5117,https://i.ytimg.com/vi/ZYIWPnkXz5o/maxresdefault.jpg,1280.0,720.0,"['BY', 'RU']",
youtube#video,5Sv38X0pfZF2Dvduu-2PvYroJ2I,ac9wmAnwep8,2026-08-20T11:14:12Z,UCQxnqcOqGu_RO9YMhzt0Uaw,🔴LIVE GTA 5 GAMEPLAY | #gta5 #gtav #gaming,"Welcome to the wildest GTA 5 Vertical LIVE 😱
Today’s stream is full of insane crashes, crazy train destruction, high-speed action & nonstop funny moments 🚂💥

🎮 LIVE GTA 5 Gameplay
🚗 Extreme Car Crashes
🚂 Train vs Cars Madness
💥 Epic Stunts & Fails
😂 Funny Chaos Moments
⚡ Nonstop Entertainment 


#gta5 #gtav #gaming #shortsfeed",https://i.ytimg.com/vi/ac9wmAnwep8/default.jpg,120,90,https://i.ytimg.com/vi/ac9wmAnwep8/mqdefault.jpg,320,180,https://i.ytimg.com/vi/ac9wmAnwep8/hqdefault.jpg,480,360,https://i.ytimg.com/vi/ac9wmAnwep8/sddefault.jpg,640,480,SANGU IS LIVE,,20,none,en,🔴LIVE GTA 5 GAMEPLAY | #gta5 #gtav #gaming,"Welcome to the wildest GTA 5 Vertical LIVE 😱
Today’s stream is full of insane crashes, crazy train destruction, high-speed action & nonstop funny moments 🚂💥

🎮 LIVE GTA 5 Gameplay
🚗 Extreme Car Crashes
🚂 Train vs Cars Madness
💥 Epic Stunts & Fails
😂 Funny Chaos Moments
⚡ Nonstop Entertainment 


#gta5 #gtav #gaming #shortsfeed",hi,PT1H24M14S,2d,hd,false,True,rectangular,217220,809,0,2,https://i.ytimg.com/vi/ac9wmAnwep8/maxresdefault.jpg,1280.0,720.0,,
